source_center,destination_center,route_type,delay_ratio,avg_distance,pct_sla_breach,trip_count
IND000000AAL,IND411033AAA,Carting,2.9037076555138075,14.052435135135136,0.9459459459459459,37
IND000000AAQ,IND700028AAB,Carting,5.416666666666667,6.950349999999999,1.0,4
IND000000AAS,IND783370AAC,FTL,2.58045318610536,20.730811111111112,1.0,18
IND000000AAZ,IND444203AAA,FTL,4.059095860566448,36.435566666666666,1.0,3
IND000000AAZ,IND444303AAA,FTL,1.5107890499194847,31.235633333333336,0.6666666666666666,3
IND000000ABA,IND683565AAA,Carting,1.1656026160074744,9.051107692307692,0.3076923076923077,13
IND000000ABD,IND562132AAA,FTL,1.5840831675646816,37.15083680555556,0.7638888888888888,144
IND000000ABG,IND501359AAF,Carting,5.282650581126191,9.327668292682926,0.8536585365853658,41
IND000000ACA,IND140406AAA,FTL,2.1973684210526314,17.194283333333335,1.0,6
IND000000ACA,IND142001AAB,FTL,1.5977845450790094,20.025850000000002,0.9166666666666666,36
IND000000ACA,IND142401AAA,FTL,2.9186329499748616,15.799879166666665,0.9166666666666666,24
IND000000ACA,IND143001AAA,FTL,1.6914098972922502,22.176085714285712,1.0,7
IND000000ACA,IND144001AAB,FTL,1.7701984227890255,23.34307843137255,0.9803921568627451,51
IND000000ACA,IND144514AAA,FTL,1.8824946005230385,32.87145833333333,0.5416666666666666,24
IND000000ACA,IND147301AAA,FTL,2.2471046898291482,20.697216666666666,1.0,6
IND000000ACA,IND152026AAA,FTL,1.5602757769774576,22.08317142857143,0.8571428571428571,7
IND000000ACA,IND160002AAC,Carting,1.5159632034632033,13.086070000000001,0.8,10
IND000000ACA,IND160002AAC,FTL,2.0597488432572337,22.075015699658703,0.9249146757679181,293
IND000000ACB,IND000000AEL,Carting,2.3249719128555446,10.991263768115942,0.8333333333333334,138
IND000000ACB,IND110024AAA,Carting,2.163602102685565,11.905825,0.9166666666666666,36
IND000000ACB,IND110030AAD,Carting,1.9521149336656987,10.989973333333333,0.7111111111111111,135
IND000000ACB,IND110037AAK,Carting,2.8718524408443087,10.366716455696203,0.759493670886076,158
IND000000ACB,IND110043AAA,Carting,2.150333725147158,10.241461194029851,0.8208955223880597,67
IND000000ACB,IND110043AAC,Carting,2.5720598546811138,11.875473333333334,0.9777777777777777,45
IND000000ACB,IND110052AAA,Carting,1.892203548085901,9.61742142857143,0.7857142857142857,14
IND000000ACB,IND110064AAA,Carting,1.9459178675130064,10.574109790209791,0.6783216783216783,286
IND000000ACB,IND110085AAB,Carting,2.506657242409424,10.155814545454545,0.7212121212121212,165
IND000000ACB,IND110092AAC,Carting,2.043092031193535,10.556851428571429,0.5714285714285714,35
IND000000ACB,IND110095AAB,Carting,2.0525944136609087,12.252057518796994,0.556390977443609,266
IND000000ACB,IND121002AAB,Carting,2.69349849943038,11.768668035190617,0.8211143695014663,341
IND000000ACB,IND121004AAB,Carting,2.7427111503582093,10.872782162162162,0.8540540540540541,185
IND000000ACB,IND122001AAA,Carting,3.3219060561219083,10.129595535714286,0.625,224
IND000000ACB,IND122015AAC,Carting,3.1893939393939394,9.3819375,0.875,8
IND000000ACB,IND124103AAA,FTL,1.9432157778260135,24.58111724137931,0.896551724137931,29
IND000000ACB,IND124112AAA,FTL,2.653326394653936,23.746257142857143,0.8857142857142857,35
IND000000ACB,IND125001AAA,FTL,1.9930615995918324,23.542546666666667,0.9523809523809523,105
IND000000ACB,IND125005AAA,FTL,1.8222185583635164,23.511335714285714,0.9642857142857143,28
IND000000ACB,IND125033AAA,FTL,2.0715083315219434,24.189008333333334,0.6666666666666666,12
IND000000ACB,IND127021AAA,FTL,3.2559256100559346,24.630959999999998,0.9,10
IND000000ACB,IND131028AAB,Carting,1.6606624565473256,16.701938731443995,0.41295546558704455,741
IND000000ACB,IND160002AAC,FTL,2.2315493247038893,26.462089176829267,0.961890243902439,656
IND000000ACB,IND201001AAC,Carting,1.3706147591290503,28.434424999999997,0.8333333333333334,36
IND000000ACB,IND201007AAA,Carting,1.5939326892613241,11.91163492063492,0.5079365079365079,63
IND000000ACB,IND201301AAF,Carting,1.8525155102229907,11.327316129032258,0.5645161290322581,62
IND000000ACB,IND201301AAM,Carting,1.9573271662869296,26.31258585526316,0.8223684210526315,304
IND000000ACB,IND209304AAA,FTL,2.153045804564371,29.463739033457248,0.8736059479553904,269
IND000000ACB,IND282002AAD,FTL,1.9503725710967228,24.153019444444443,0.9305555555555556,72
IND000000ACB,IND301001AAB,FTL,1.156838542032541,25.788349999999998,0.25,24
IND000000ACB,IND301705AAA,FTL,3.705882352941176,20.9742,1.0,3
IND000000ACB,IND302014AAA,FTL,1.727502598688819,26.58641888888889,0.8740740740740741,270
IND000000ACB,IND302022AAD,FTL,1.639822350494297,27.040891666666667,0.8166666666666667,180
IND000000ACB,IND328001AAA,FTL,1.7462044366894278,26.427885999999997,0.76,50
IND000000ACB,IND382430AAB,FTL,2.0204622777926704,27.313262657091563,0.9048473967684022,557
IND000000ACB,IND390022AAA,FTL,1.7423633675594736,27.837277922077924,0.8415584415584415,385
IND000000ACB,IND411033AAA,FTL,1.6274779690080632,28.022094017857142,0.7294642857142857,1120
IND000000ACB,IND421302AAG,FTL,1.9036158213373993,28.582550030921457,0.8855905998763142,1617
IND000000ACB,IND462022AAA,FTL,1.5728623770128256,30.795476637554582,0.7205240174672489,458
IND000000ACB,IND474003AAA,FTL,2.076268568119091,54.51066153846154,0.6923076923076923,13
IND000000ACB,IND501359AAE,FTL,1.9646090310444932,30.298965588773644,0.8206223306894448,1639
IND000000ACB,IND521225AAB,FTL,2.2410170579628277,32.678200728862976,0.7857142857142857,686
IND000000ACB,IND562132AAA,FTL,1.7764985519176824,30.352580566720256,0.8056672025723473,4976
IND000000ACB,IND600056AAB,FTL,1.8333322977212203,32.5731760591133,0.8413793103448276,1015
IND000000ACB,IND712311AAA,FTL,2.1226883224653252,26.755445772187283,0.8920335429769392,2862
IND000000ACB,IND751002AAB,FTL,1.7586639101822918,37.534320750293084,0.798358733880422,853
IND000000ACB,IND821115AAB,FTL,1.8538458353874703,29.029817894736844,0.8781954887218045,665
IND000000ACB,IND834002AAB,FTL,1.7667290936688878,29.893967764060356,0.8381344307270233,729
IND000000ACB,IND842001AAA,FTL,1.8860546915462424,31.289402916666667,0.9055555555555556,720
IND000000ACK,IND501359AAF,Carting,2.925590373497404,9.712759574468086,0.9787234042553191,94
IND000000ACN,IND501359AAF,Carting,2.8634087062855444,11.205409375,0.96875,32
IND000000ACT,IND000000ACB,Carting,2.571661914484566,9.542760199004976,0.7860696517412935,201
IND000000ACT,IND000000ACB,FTL,1.3702126025010959,23.002635398230087,0.48672566371681414,113
IND000000ACT,IND131028AAB,Carting,1.903794909204874,10.203048,0.6628571428571428,175
IND000000ACT,IND160002AAC,FTL,2.0121019201399792,23.66406761904762,0.9666666666666667,210
IND000000ADM,IND683511AAA,Carting,5.43939393939394,8.149833333333333,1.0,3
IND000000ADV,IND600044AAC,Carting,1.5749430047530537,12.975490277777778,0.9027777777777778,72
IND000000AEL,IND000000ACB,Carting,3.0121388991631206,11.031919607843136,0.7058823529411765,102
IND000000AEM,IND110037AAB,Carting,4.921201205914828,10.98876862745098,0.8235294117647058,51
IND000000AEM,IND110064AAB,Carting,2.3008877073222576,9.783245454545455,0.7878787878787878,66
IND000000AET,IND000000AAS,FTL,3.053000414160479,22.7910875,1.0,24
IND000000AFF,IND734203AAA,FTL,4.5964912280701755,27.9396,1.0,3
IND000000AFG,IND673027AAB,FTL,1.8255360623781676,22.171349999999997,1.0,2
IND000000AFG,IND673632AAA,FTL,2.266016574002055,22.69643333333333,1.0,6
IND000000AFJ,IND695121AAA,Carting,1.0990080752580753,9.157237499999999,0.275,40
IND000000AFJ,IND695572AAB,Carting,2.333333333333333,11.389050000000001,1.0,2
IND000000AFR,IND683511AAA,Carting,2.205886937136937,9.661933333333334,1.0,24
IND000000AFT,IND400072AAB,Carting,1.9107142857142858,10.30523,0.9,20
IND000000AFT,IND400701AAA,Carting,3.25,12.52195,1.0,2
IND000000AFT,IND400706AAA,Carting,2.3407407407407406,9.435566666666666,0.6666666666666666,3
IND000000AFT,IND410206AAA,Carting,3.168484848484849,10.70828,0.8,5
IND000000AFT,IND410206AAB,Carting,2.8,10.288499999999999,1.0,2
IND000000AFT,IND410209AAA,Carting,2.231592712842713,9.7640325,0.8375,80
IND000000AFT,IND410210AAA,Carting,1.7359140158087527,9.368436,0.52,25
IND000000AFT,IND421302AAG,Carting,4.308226561926182,12.239220689655173,0.896551724137931,29
IND110014AAA,IND110024AAA,Carting,2.494724025974026,6.6404049999999994,0.7,20
IND110020AAB,IND110037AAM,Carting,5.612867132867133,10.021381818181817,0.6363636363636364,11
IND110024AAA,IND110014AAA,Carting,1.5917277167277166,7.146392307692308,0.7692307692307693,13
IND110030AAD,IND000000ACB,Carting,3.8845113988280078,11.262055882352941,0.7647058823529411,34
IND110035AAC,IND110037AAM,Carting,1.7626984126984127,10.525983333333333,0.8333333333333334,6
IND110037AAK,IND000000ACB,Carting,3.913233041560559,10.502421468926553,0.8813559322033898,177
IND110037AAM,IND000000ACB,FTL,1.641552589924883,22.268479166666665,0.875,24
IND110037AAM,IND110020AAB,Carting,6.638016470708778,9.423103846153847,0.7692307692307693,26
IND110037AAM,IND110024AAA,Carting,2.0261900136900137,10.340547222222222,0.8055555555555556,36
IND110037AAM,IND110035AAC,Carting,2.739278853862187,10.412508333333333,0.9166666666666666,72
IND110037AAM,IND110064AAA,Carting,3.595833333333333,9.4527,0.6666666666666666,3
IND110037AAM,IND110085AAB,Carting,2.248035786994597,10.984021739130435,0.9347826086956522,46
IND110037AAM,IND110092AAC,Carting,1.968671679197995,11.143500000000001,1.0,3
IND110037AAM,IND121004AAB,Carting,2.6185349875567265,9.732790579710144,0.8623188405797102,138
IND110037AAM,IND125001AAA,FTL,2.477192023359271,28.639614285714288,1.0,7
IND110037AAM,IND131028AAB,Carting,2.004545454545455,8.80664,0.6,5
IND110037AAM,IND201001AAC,Carting,1.7332388481475702,12.55863448275862,0.5517241379310345,29
IND110037AAM,IND201007AAA,Carting,2.4042202890371107,12.736933333333333,0.8333333333333334,18
IND110037AAM,IND201301AAD,Carting,4.290957190957191,11.732199999999999,1.0,9
IND110037AAM,IND201301AAF,Carting,2.1538709438709436,11.6159,1.0,15
IND110037AAM,IND202001AAB,FTL,2.4555200152600665,25.223596710526316,0.8421052631578947,152
IND110037AAM,IND209304AAA,FTL,1.9208700863028811,27.473358351893093,0.9621380846325167,449
IND110037AAM,IND226004AAC,FTL,1.545593292754418,27.459985,0.95,20
IND110037AAM,IND250002AAC,FTL,3.7989880522450945,26.6284125,0.625,8
IND110037AAM,IND282001AAA,FTL,2.0610352079210923,25.942,1.0,32
IND110037AAM,IND282001AAC,FTL,2.0181738400488403,25.41555,1.0,8
IND110037AAM,IND282002AAD,FTL,1.9232676513587892,25.5794,1.0,8
IND110037AAM,IND421302AAG,FTL,1.8452547239552461,32.055198404907976,0.8650306748466258,815
IND110037AAM,IND781018AAB,FTL,2.2132371447075334,32.08030441176471,0.9411764705882353,68
IND110037AAM,IND811399AAA,FTL,6.445459540928159,17.44339090909091,0.6363636363636364,22
IND110039AAA,IND110085AAB,Carting,3.6996003996003997,7.3137,0.8333333333333334,6
IND110043AAA,IND000000ACB,Carting,4.423965327757897,12.429226315789474,0.7368421052631579,19
IND110043AAA,IND110078AAA,Carting,2.5121134312310787,9.80645303030303,0.7424242424242424,66
IND110043AAC,IND000000ACB,Carting,1.4384848484848485,12.638659999999998,0.8,5
IND110044AAB,IND000000ACB,Carting,1.9263187639048958,11.568713907284769,0.7064017660044151,453
IND110044AAB,IND110030AAD,Carting,2.883052503052503,7.70029,0.8333333333333334,60
IND110044AAB,IND110037AAM,Carting,1.709750566893424,10.701671428571428,0.8571428571428571,7
IND110044AAB,IND131028AAB,Carting,2.0363916795923376,10.1410435,0.76,200
IND110044AAB,IND201007AAA,Carting,2.398795875099351,9.933168181818182,0.9545454545454546,22
IND110044AAB,IND201301AAF,Carting,7.710416666666667,6.6066125,0.7916666666666666,24
IND110052AAA,IND000000ACB,Carting,1.751104748426177,9.691038571428571,0.7428571428571429,70
IND110064AAA,IND000000ACB,Carting,6.179086330349348,10.8419658008658,0.5887445887445888,231
IND110064AAA,IND110005AAA,Carting,1.7692307692307692,7.536066666666667,0.6666666666666666,3
IND110064AAA,IND110046AAA,Carting,3.0,13.5862,1.0,1
IND110077AAA,IND110043AAA,Carting,1.3333333333333333,11.7786,1.0,1
IND110078AAA,IND110043AAA,Carting,3.1528518458665515,9.523582142857142,0.9642857142857143,28
IND110083AAA,IND110085AAB,Carting,3.9714285714285715,7.987500000000001,0.5,2
IND110085AAB,IND000000ACB,Carting,2.681239632049956,10.284624489795918,0.7142857142857143,49
IND110085AAB,IND110039AAA,Carting,1.5587781266352694,8.304442857142858,0.5714285714285714,7
IND110085AAB,IND110083AAA,Carting,2.2266666666666666,7.212300000000001,0.6,5
IND110085AAB,IND110085AAA,Carting,2.076923076923077,11.4111,1.0,1
IND110085AAB,IND110087AAA,Carting,1.2923076923076924,7.046260000000001,0.4,5
IND110092AAC,IND000000ACB,Carting,2.3610437231557824,10.983248780487806,0.5853658536585366,41
IND110092AAC,IND110093AAA,Carting,1.625,6.41585,0.5,2
IND110093AAA,IND110092AAC,Carting,1.6111111111111112,7.7735,0.5,2
IND110095AAB,IND000000ACB,Carting,1.2576030412164865,11.087000000000002,0.5714285714285714,7
IND121001AAA,IND121004AAB,Carting,2.3095238095238098,6.663667346938776,0.7551020408163265,49
IND121002AAA,IND121004AAB,Carting,19.083333333333332,11.2338,1.0,1
IND121002AAB,IND000000ACB,Carting,2.038696607211054,13.167733742331288,0.7730061349693251,163
IND121004AAA,IND121004AAB,Carting,2.8864213564213563,9.480565,0.95,20
IND121004AAB,IND000000ACB,Carting,1.8968749366275044,11.944585185185186,0.9206349206349206,189
IND121004AAB,IND110037AAM,Carting,2.844296107932472,9.662382727272728,0.990909090909091,110
IND121004AAB,IND121001AAA,Carting,1.2598534181867516,6.583753333333333,0.6,45
IND121004AAB,IND121002AAA,Carting,1.4545454545454546,5.17735,0.5,2
IND121004AAB,IND121004AAA,Carting,1.925284679089027,8.320978260869564,0.9782608695652174,46
IND121004AAB,IND121004AAC,Carting,2.3859567901234566,8.509638888888889,1.0,18
IND121004AAB,IND121102AAA,Carting,1.882638553858066,8.278928780487805,0.8,205
IND121004AAC,IND121004AAB,Carting,4.597222222222222,8.587783333333332,0.9166666666666666,12
IND121102AAA,IND121004AAB,Carting,3.4917165881756693,10.645348076923076,0.9230769230769231,52
IND122001AAA,IND000000ACB,Carting,1.7511894529082028,9.59353,0.525,80
IND122001AAA,IND110037AAM,Carting,3.8666666666666667,13.2356,1.0,1
IND122001AAA,IND122001AAD,Carting,1.6672364672364672,7.3165000000000004,0.5,6
IND122001AAA,IND122050AAA,Carting,3.1,9.6051,0.6666666666666666,3
IND122001AAA,IND122101AAC,Carting,1.6153846153846154,6.83775,1.0,2
IND122001AAD,IND122050AAA,Carting,1.9810855828942844,8.391463157894737,0.5789473684210527,19
IND122001AAJ,IND507123AAA,FTL,0.872687531933468,19.501484615384616,0.07692307692307693,26
IND122002AAD,IND122503AAA,Carting,2.3392290249433105,8.442214285714286,1.0,7
IND122004AAA,IND000000ACB,Carting,1.2696969696969698,8.92365,0.75,4
IND122004AAA,IND122413AAE,Carting,2.2301136189423083,9.45656783625731,0.8128654970760234,171
IND122503AAA,IND122001AAA,Carting,2.249965161649944,10.7308,0.875,8
IND123001AAA,IND123401AAB,FTL,1.9305933809779963,20.667938461538462,1.0,26
IND123401AAB,IND000000ACB,FTL,2.108523698523699,21.979799999999997,1.0,9
IND123401AAB,IND123106AAB,FTL,2.3969760963674007,17.86600333333333,0.9666666666666667,30
IND124001AAB,IND126102AAA,FTL,3.140625,20.18189166666667,1.0,12
IND124103AAA,IND127021AAA,FTL,1.6887363417056904,22.39473333333333,0.8518518518518519,27
IND124112AAA,IND125001AAA,FTL,2.9618055555555554,18.630883333333333,1.0,6
IND124112AAA,IND125005AAA,FTL,2.2993055555555557,19.633583333333334,1.0,6
IND124112AAA,IND125033AAA,FTL,1.7504858961128311,18.245325,1.0,8
IND124141AAA,IND000000ACB,FTL,2.894233126406834,25.961164102564105,0.8461538461538461,39
IND124507AAA,IND131028AAB,FTL,2.4719573549162766,22.392611111111112,1.0,18
IND124507AAA,IND131028AAE,FTL,2.2246648562438036,20.639083333333335,1.0,6
IND125001AAA,IND000000ACB,FTL,1.9094843136582833,22.70585857142857,0.7857142857142857,70
IND125001AAA,IND110037AAM,FTL,3.5858192546967858,25.78775844155844,0.8571428571428571,77
IND125001AAA,IND125047AAB,FTL,2.175829448329448,20.8642,1.0,14
IND125001AAA,IND125051AAA,FTL,2.48989898989899,33.114066666666666,1.0,3
IND125001AAA,IND335501AAA,FTL,2.1784506969003536,58.974275,1.0,4
IND125001AAA,IND335513AAA,FTL,1.762561755428081,25.59275882352941,0.9411764705882353,51
IND125001AAA,IND335523AAB,FTL,2.0331341794759927,38.28241,0.9,20
IND125001AAA,IND335524AAA,FTL,1.9298392411190664,30.192096666666664,0.8,30
IND125005AAA,IND000000ACB,FTL,1.8277495416381686,22.92022,0.8,35
IND125005AAA,IND125047AAB,FTL,2.0262962962962963,20.848766666666666,1.0,6
IND125005AAA,IND335513AAA,FTL,1.7771457849170336,25.944176190476192,0.9523809523809523,21
IND125005AAA,IND335523AAB,FTL,1.9180176909152191,38.26784,0.8,5
IND125005AAA,IND335524AAA,FTL,1.7188814561702257,27.994992307692307,0.6923076923076923,13
IND125033AAA,IND125001AAA,FTL,1.9948400412796696,21.276433333333333,1.0,3
IND125033AAA,IND125005AAA,FTL,2.0620915032679736,21.5574,1.0,2
IND125047AAB,IND125050AAA,FTL,2.7222222222222223,22.34885,1.0,2
IND125047AAB,IND125051AAA,FTL,1.951920995621559,23.96253448275862,0.9655172413793104,29
IND125050AAA,IND125051AAA,FTL,1.7518037518037517,16.165066666666668,1.0,3
IND125051AAA,IND125111AAA,FTL,1.0351897204806688,21.787475,0.0,4
IND125104AAA,IND125005AAA,FTL,2.1839181286549705,23.2096,1.0,7
IND125111AAA,IND125121AAA,FTL,2.4511141636141636,20.101825,0.75,4
IND125121AAA,IND125001AAA,FTL,2.830682602421733,18.300283333333333,1.0,6
IND126102AAA,IND126116AAA,FTL,2.2762079831932773,16.623870000000004,1.0,10
IND126102AAA,IND131301AAA,FTL,2.1898488562091503,23.349225,1.0,4
IND126112AAA,IND131028AAB,FTL,2.5472008985791788,22.479896875,0.9375,64
IND126116AAA,IND131301AAA,FTL,2.8525240798073614,20.74367,1.0,20
IND127021AAA,IND127201AAA,FTL,2.374107219642243,18.454733333333333,1.0,24
IND127201AAA,IND124141AAA,FTL,1.9116582049486461,19.3725875,0.875,8
IND131021AAA,IND131028AAA,Carting,1.9916597666597666,6.902781981981982,0.6576576576576577,111
IND131028AAB,IND000000ACB,Carting,1.5425514275449987,14.955070789473686,0.35657894736842105,760
IND131028AAB,IND110037AAM,Carting,2.1799772284920342,12.059406666666666,0.8333333333333334,30
IND131028AAB,IND124001AAB,FTL,1.7371142846686325,19.976941666666665,1.0,12
IND131028AAB,IND124507AAA,FTL,1.9633765984395186,22.18235,1.0,20
IND131028AAB,IND132103AAA,FTL,4.7531526475898795,23.12365,1.0,6
IND131028AAB,IND136118AAA,FTL,2.2077197907146915,21.836999019607845,0.9901960784313726,102
IND131028AAB,IND160002AAC,FTL,1.7141455570878272,24.28983291666667,0.9416666666666667,240
IND131028AAB,IND201204AAA,FTL,1.8315386654820205,23.98164074074074,0.7777777777777778,27
IND131028AAB,IND244001AAA,FTL,2.7606431968517184,37.02198552631579,0.6513157894736842,152
IND131028AAB,IND244235AAA,FTL,1.8544904187702353,34.901603968253966,0.5396825396825397,126
IND131028AAB,IND247667AAA,FTL,1.8436420605554853,24.39828333333333,0.9333333333333333,30
IND131028AAB,IND247667AAB,FTL,1.8651542853988934,24.47113666666667,0.9888888888888889,90
IND131028AAB,IND248001AAA,FTL,1.4540509957013148,27.028938888888888,0.7777777777777778,18
IND131028AAB,IND248001AAD,FTL,1.5028904904928297,25.786588888888886,0.7777777777777778,9
IND131028AAB,IND249407AAA,FTL,1.713558512116901,25.617285714285714,0.7142857142857143,7
IND131028AAB,IND250002AAA,FTL,1.7582122178896373,29.857766666666667,1.0,3
IND131028AAB,IND250002AAC,FTL,5.625,89.7878,1.0,1
IND131028AAB,IND250609AAA,FTL,2.9545454545454546,24.9115,1.0,1
IND131028AAB,IND250611AAA,FTL,2.9216783216783218,19.45525,1.0,6
IND131028AAB,IND251001AAA,FTL,1.7107906298900089,24.117654761904763,0.9285714285714286,42
IND131028AAE,IND124507AAA,FTL,1.793103448275862,21.39555,1.0,2
IND131301AAA,IND131028AAB,FTL,3.8053706570347434,18.421899999999997,1.0,6
IND132001AAA,IND131028AAB,FTL,2.2833648664144017,31.92901666666667,0.8333333333333334,6
IND132001AAA,IND132103AAA,FTL,3.2964285714285717,19.0426,1.0,2
IND132001AAA,IND132103AAB,FTL,6.271849067112225,23.23368,1.0,5
IND132103AAA,IND131028AAB,FTL,4.256234184495053,21.964355555555553,1.0,9
IND132103AAA,IND132001AAA,FTL,1.6675639915639917,21.3347,0.7,10
IND132103AAB,IND131028AAB,FTL,4.324258944942808,19.786894444444446,1.0,18
IND132103AAB,IND132001AAA,FTL,1.3890873015873015,22.177975,0.75,4
IND133004AAA,IND135001AAA,FTL,1.6139647262644974,18.821388888888887,0.7222222222222222,18
IND134102AAA,IND174103AAA,FTL,2.9194395065718597,19.95601875,1.0,16
IND134109AAA,IND160002AAC,Carting,15.637679450179451,8.922993333333332,0.6666666666666666,60
IND134203AAA,IND140501AAA,Carting,1.6202186619597334,13.286576785714287,0.6785714285714286,56
IND134203AAA,IND160002AAC,Carting,1.9345294874706638,13.989320000000001,1.0,5
IND135001AAA,IND173025AAA,FTL,1.880242540110961,19.52896388888889,0.8055555555555556,36
IND136027AAA,IND132039AAA,FTL,3.207905832905833,19.919230952380953,0.9761904761904762,42
IND136118AAA,IND136128AAA,FTL,1.4230667060212516,14.360081818181818,0.8409090909090909,44
IND136128AAA,IND136027AAA,FTL,2.55688316993464,14.192211363636364,0.9772727272727273,44
IND140001AAA,IND140118AAA,FTL,1.6659369858198596,21.029557894736843,0.9473684210526315,38
IND140118AAA,IND160002AAC,FTL,1.9409545597122906,20.992191764705883,0.8470588235294118,85
IND140301AAA,IND140001AAA,FTL,1.9045759278678536,13.289033333333334,0.7380952380952381,42
IND140301AAA,IND140901AAA,Carting,3.6166473877000187,7.955644736842106,0.7631578947368421,38
IND140401AAA,IND000000ACA,FTL,2.337362134862135,26.75770833333333,0.75,12
IND140401AAA,IND142401AAA,FTL,1.0523148148148147,15.855155555555557,0.6666666666666666,9
IND140401AAA,IND147301AAA,FTL,1.5952380952380953,16.41695,1.0,2
IND140406AAA,IND140401AAA,FTL,2.292247241168662,16.995471428571427,0.5,14
IND140501AAA,IND160002AAC,Carting,1.1209882322494216,14.31119642857143,0.2857142857142857,28
IND140901AAA,IND160002AAC,Carting,1.5442754690570042,12.339107142857141,0.5595238095238095,84
IND140901AAA,IND160055AAA,Carting,1.9412347456465102,6.9254549999999995,0.95,40
IND141003AAB,IND000000ACA,Carting,1.652485014985015,12.20585,0.625,8
IND141003AAB,IND141109AAA,FTL,0.8720588235294118,17.9376,0.0,2
IND141003AAB,IND142026AAA,FTL,1.6617624827708861,21.727264285714288,1.0,42
IND141010AAA,IND000000ACA,Carting,0.9090909090909091,7.7655,0.5,2
IND141109AAA,IND000000ACA,FTL,1.0893269403765071,25.8064,0.25,36
IND141115AAA,IND000000ACA,FTL,1.4959335060368046,15.91838148148148,0.5185185185185185,27
IND142001AAB,IND151001AAA,FTL,1.481468253968254,32.931650000000005,0.75,4
IND142001AAB,IND152026AAA,FTL,1.7833858066820194,19.854579310344825,0.9310344827586207,116
IND142026AAA,IND000000ACA,FTL,2.5694444444444446,18.153166666666667,0.6666666666666666,3
IND142026AAA,IND141109AAA,FTL,1.4349322380024134,23.807261111111114,1.0,18
IND142401AAA,IND000000ACA,FTL,1.4410476370035195,21.056141666666665,0.75,12
IND143001AAA,IND144001AAB,FTL,2.3062707997468466,22.109511842105263,1.0,76
IND144001AAA,IND144040AAA,FTL,2.2328839869281043,13.678513333333333,0.9333333333333333,30
IND144001AAB,IND000000ACA,FTL,2.3901009574172036,25.15176811594203,1.0,69
IND144001AAB,IND143001AAA,FTL,1.463416711830356,24.09376176470588,0.7794117647058824,68
IND144001AAB,IND144401AAB,Carting,3.5791407310638075,8.010530769230769,0.6923076923076923,26
IND144001AAB,IND144601AAA,FTL,3.4878472222222223,17.3494,1.0,4
IND144001AAB,IND160002AAC,FTL,5.010448092280391,25.607457142857147,1.0,7
IND144001AAC,IND000000ACA,Carting,1.6804267161410018,11.174728571428572,1.0,7
IND144001AAC,IND000000ACA,FTL,2.1013591601420014,24.420348484848486,1.0,33
IND144001AAC,IND160002AAC,Carting,2.4889896421600146,11.513813385826772,0.8661417322834646,254
IND144040AAA,IND144001AAB,FTL,1.7674445695343528,15.137550000000001,0.7222222222222222,18
IND144401AAB,IND144001AAB,Carting,2.165437503672798,6.648267647058823,0.7647058823529411,34
IND144514AAA,IND000000ACA,FTL,1.7644230769230769,27.66075,1.0,2
IND144514AAA,IND141115AAA,FTL,1.5991249491249493,13.31947,0.7,10
IND144527AAA,IND141115AAA,FTL,2.1532560032560033,17.294587500000002,1.0,8
IND144601AAA,IND144001AAA,FTL,2.0018382352941178,21.46695,1.0,2
IND144601AAA,IND144040AAA,FTL,1.4298245614035088,26.2706,0.5,2
IND145001AAA,IND176201AAA,FTL,1.9461193568336426,17.881985714285715,1.0,7
IND145001AAA,IND176303AAA,FTL,1.102184376156979,40.995400000000004,0.0,2
IND147001AAB,IND147201AAA,FTL,1.3516585266585268,13.555558333333332,0.5833333333333334,12
IND147001AAB,IND160002AAC,FTL,1.9666513618403292,45.422042857142856,0.7142857142857143,14
IND147001AAD,IND147201AAA,FTL,1.7115384615384617,13.47335,1.0,2
IND147001AAD,IND148023AAA,FTL,1.3034188034188035,19.64193333333333,1.0,3
IND147001AAD,IND160002AAC,FTL,3.4915485570680858,37.79299,0.8,10
IND147101AAA,IND147105AAA,FTL,1.52245670995671,14.49831875,1.0,16
IND147101AAA,IND160002AAC,FTL,6.337834870443566,25.35076666666667,1.0,3
IND147105AAA,IND147101AAA,FTL,1.8257575757575757,14.0546,1.0,2
IND147105AAA,IND160002AAC,FTL,7.522556972013494,26.28685357142857,1.0,28
IND147201AAA,IND148023AAA,FTL,1.3090891017814092,15.896846153846154,0.23076923076923078,13
IND147301AAA,IND000000ACA,FTL,1.4821428571428572,18.4938,1.0,2
IND147301AAA,IND140401AAA,FTL,1.4702380952380953,19.54305,0.5,2
IND148023AAA,IND148001AAA,FTL,1.2996482683982684,16.461775,0.75,4
IND148023AAA,IND148024AAB,FTL,2.0,19.4578,1.0,1
IND148028AAA,IND147001AAB,FTL,1.8883829057938966,21.661080000000002,0.9666666666666667,30
IND148028AAA,IND147001AAD,FTL,1.8242215014660834,21.08385,0.8333333333333334,6
IND148101AAA,IND148102AAA,FTL,1.1454545454545455,24.3741,0.4,5
IND148102AAA,IND151001AAA,FTL,2.078754578754579,21.455466666666666,0.6666666666666666,3
IND151001AAA,IND148101AAA,FTL,1.2114440419569812,21.51772916666667,0.3333333333333333,24
IND151001AAA,IND151103AAA,FTL,1.6310726310726311,15.382877777777777,0.7777777777777778,9
IND151001AAA,IND151302AAA,FTL,1.5523312561422318,34.765875,0.35714285714285715,28
IND151001AAA,IND160002AAC,FTL,1.5270359558928348,27.415641614906836,0.7329192546583851,161
IND151103AAA,IND151001AAA,FTL,15.672364672364672,28.80985,1.0,2
IND151302AAA,IND151505AAA,FTL,0.965206950510068,20.280954545454545,0.24242424242424243,33
IND151505AAA,IND151506AAA,FTL,1.6470773160428334,28.46546,0.6,5
IND151506AAA,IND151001AAA,FTL,1.2903036693180272,29.84171041666667,0.3333333333333333,48
IND152024AAA,IND152123AAA,FTL,1.9698412698412697,16.5055,0.75,4
IND152026AAA,IND000000ACA,FTL,3.371554418827557,26.17892105263158,0.9924812030075187,133
IND152026AAA,IND151001AAA,FTL,1.0362502955981217,17.25542424242424,0.15151515151515152,33
IND152026AAA,IND152024AAA,FTL,2.2875,15.310325,1.0,4
IND152026AAA,IND152101AAA,FTL,0.9210526315789473,18.989,0.0,2
IND152026AAA,IND152107AAA,FTL,2.0588235294117645,15.0335,1.0,2
IND152026AAA,IND152116AAA,FTL,1.6453804347826086,19.313166666666664,0.8333333333333334,6
IND152026AAA,IND160002AAC,FTL,3.4061052545831836,25.699959999999997,1.0,10
IND152101AAA,IND152026AAA,FTL,1.2908033033033033,17.340375,0.5,4
IND152107AAA,IND152026AAA,FTL,1.6636029411764706,20.563,0.5,2
IND152116AAA,IND152026AAA,FTL,0.8375350140056023,26.010333333333335,0.3333333333333333,3
IND152116AAA,IND152107AAA,FTL,1.2666666666666666,22.495,1.0,1
IND152123AAA,IND152026AAA,FTL,1.6636636636636635,20.377100000000002,0.6666666666666666,3
IND160002AAC,IND000000ACA,FTL,1.574039185754489,25.02704609375,0.703125,128
IND160002AAC,IND000000ACB,FTL,2.101138054166347,27.33150055865922,0.9650837988826816,716
IND160002AAC,IND110037AAM,FTL,1.906646568749117,23.515366666666665,0.9,90
IND160002AAC,IND131028AAB,FTL,1.8805165960755648,23.787075,0.96875,96
IND160002AAC,IND134203AAA,Carting,1.3805555555555555,15.08484,0.6,5
IND160002AAC,IND135001AAA,FTL,1.8896516653953725,22.394166666666667,1.0,3
IND160002AAC,IND140301AAA,FTL,1.55929600582587,19.111,0.5714285714285714,42
IND160002AAC,IND140603AAA,Carting,1.17599745788564,8.370866990291262,0.36893203883495146,103
IND160002AAC,IND140901AAA,Carting,1.5170620649192077,9.901242857142856,0.49523809523809526,105
IND160002AAC,IND142001AAB,FTL,1.6318569303647656,25.296403174603174,0.8492063492063492,126
IND160002AAC,IND143001AAA,FTL,1.9908258178747555,23.43607603305785,0.9338842975206612,121
IND160002AAC,IND144001AAB,FTL,2.374264393730338,23.689753333333332,0.9888888888888889,90
IND160002AAC,IND147001AAB,FTL,2.253746253746254,22.7432,1.0,6
IND160002AAC,IND147001AAD,FTL,2.059873247544632,23.979971428571428,1.0,14
IND160002AAC,IND147101AAA,FTL,2.377463204786906,25.55995925925926,1.0,27
IND160002AAC,IND147105AAA,FTL,2.247670385170385,26.103158333333337,0.9166666666666666,12
IND160002AAC,IND151001AAA,FTL,1.8099755013187193,27.487340707964602,0.9026548672566371,113
IND160002AAC,IND160003AAA,Carting,1.9182692307692308,8.298175,0.5,4
IND160002AAC,IND160055AAA,Carting,1.264952366598025,8.564168253968253,0.36507936507936506,63
IND160002AAC,IND160102AAC,Carting,1.772390066977696,9.521163917525774,0.6804123711340206,97
IND160002AAC,IND173212AAA,FTL,1.9444075766551288,31.399880357142855,0.875,56
IND160002AAC,IND174001AAA,FTL,1.901692526682917,33.432464473684206,0.75,76
IND160002AAC,IND174103AAA,FTL,1.288888888888889,23.156733333333335,0.6666666666666666,3
IND160002AAC,IND174307AAA,FTL,1.916085737522011,25.50024081632653,0.5,98
IND160002AAC,IND176041AAA,FTL,1.075057812402658,30.681271428571428,0.2857142857142857,14
IND160002AAC,IND181152AAA,FTL,1.7310396088598459,26.404666666666667,0.7333333333333333,30
IND160002AAC,IND184104AAA,FTL,1.5527176155087805,26.595369444444444,0.6805555555555556,72
IND160002AAC,IND421302AAG,FTL,2.3134302742960027,28.46877966101695,0.864406779661017,59
IND160002AAC,IND562132AAA,FTL,2.4934273373215126,30.866845679012346,0.8641975308641975,81
IND160003AAA,IND160002AAC,Carting,3.0747863247863245,9.482775,0.75,4
IND160055AAA,IND160002AAC,Carting,1.7857681889854549,9.386257894736842,0.35526315789473684,76
IND160102AAC,IND160002AAC,Carting,2.1603924349460066,9.17960625,0.7767857142857143,112
IND160102AAD,IND160002AAC,Carting,1.7332452755529677,11.376787179487179,0.5641025641025641,39
IND160102AAD,IND160002AAD,Carting,2.115116365116365,10.214925,0.75,12
IND173025AAA,IND160002AAC,FTL,2.323174075589059,30.526129545454545,1.0,44
IND173212AAA,IND134102AAA,FTL,3.8484848484848486,43.25705000000001,1.0,2
IND173212AAA,IND160002AAC,FTL,2.0105263157894737,101.7296,1.0,1
IND173212AAA,IND173220AAA,FTL,3.2189458689458688,36.80204,1.0,5
IND173212AAA,IND174103AAA,FTL,3.9,29.3899,1.0,2
IND173220AAA,IND173212AAA,FTL,3.53125,41.0419,1.0,1
IND173220AAA,IND174103AAA,FTL,2.628571428571429,21.279449999999997,1.0,2
IND174001AAA,IND175018AAA,FTL,2.5061177248677247,35.5914125,0.9375,16
IND174021AAA,IND176048AAA,FTL,2.0948292644988045,28.455250000000003,1.0,12
IND174101AAB,IND134102AAA,FTL,2.6125,15.13325,1.0,2
IND174101AAB,IND160002AAC,FTL,3.0687807157434133,21.566361363636364,0.8181818181818182,44
IND174103AAA,IND160002AAC,FTL,2.7640429296951035,23.04416111111111,1.0,18
IND174307AAA,IND176041AAA,FTL,1.170719579998044,35.80157647058824,0.29411764705882354,17
IND175001AAA,IND175101AAA,FTL,1.5316666152496017,32.50833235294118,0.8529411764705882,34
IND175015AAA,IND174001AAA,FTL,7.187699810998291,31.501297959183674,1.0,49
IND175018AAA,IND175001AAA,FTL,3.071472223757924,22.3863,1.0,16
IND175101AAA,IND160002AAC,FTL,2.1069136350401174,36.052518750000004,0.84375,32
IND176048AAA,IND175015AAA,FTL,3.8555018297591013,27.225390625,0.96875,32
IND176061AAA,IND160002AAC,FTL,2.245312239792137,32.38727222222222,0.8333333333333334,18
IND176110AAB,IND177033AAA,FTL,2.0468480557468323,27.333144444444443,1.0,9
IND176201AAA,IND176303AAA,FTL,1.623685008846063,31.539422222222225,0.8333333333333334,18
IND176215AAA,IND176061AAA,FTL,1.5396739130434784,16.90308333333333,0.6666666666666666,6
IND176303AAA,IND176310AAA,FTL,4.622014616572886,45.71972,0.8,10
IND176310AAA,IND145001AAA,FTL,6.4301356714115405,41.33480256410256,0.48717948717948717,39
IND177001AAA,IND176110AAB,FTL,1.8615917458710347,24.6327,1.0,7
IND177033AAA,IND160002AAC,FTL,2.9260767468661606,27.42978661971831,0.823943661971831,142
IND177101AAA,IND176001AAA,FTL,1.458119658119658,21.932100000000002,0.5,4
IND177101AAA,IND176001AAB,FTL,1.1170940170940171,21.493850000000002,0.5,2
IND177203AAA,IND177101AAA,FTL,2.0205920205920207,31.82626666666667,1.0,3
IND181152AAA,IND184121AAA,FTL,1.8014444444444444,18.00112,0.7,10
IND181152AAB,IND160002AAC,FTL,1.6751062166307173,24.30116,0.8,15
IND181152AAB,IND181201AAB,Carting,3.8091209055494764,9.625738095238095,0.9523809523809523,21
IND181152AAB,IND184121AAA,FTL,2.046875,18.0898625,1.0,8
IND181201AAB,IND181152AAB,Carting,4.563050144300145,10.436016666666667,1.0,24
IND184104AAA,IND160002AAC,FTL,1.7921020794682554,24.325640425531915,0.8723404255319149,47
IND184104AAA,IND181152AAA,FTL,1.2295344932844932,20.544858333333334,0.5833333333333334,12
IND184104AAA,IND181152AAB,FTL,1.0134930830039526,21.1493875,0.625,8
IND184104AAA,IND184121AAA,FTL,1.4376984126984127,21.7649,0.6666666666666666,6
IND184121AAA,IND160002AAC,FTL,1.879643393883035,25.82140153846154,0.7846153846153846,65
IND184121AAA,IND181152AAA,FTL,1.4871794871794872,18.36795,1.0,2
IND184121AAA,IND181152AAB,FTL,1.2916666666666667,17.37545,0.5,2
IND184121AAA,IND184104AAA,FTL,1.4551767676767675,20.643633333333334,0.5,6
IND201001AAA,IND201007AAA,Carting,2.1546310832025117,7.61292857142857,0.7142857142857143,7
IND201001AAC,IND000000ACB,Carting,1.100878168265155,38.72966666666667,0.4444444444444444,9
IND201001AAC,IND110037AAM,Carting,1.4304065452091768,11.9627625,0.5,8
IND201005AAA,IND201007AAA,Carting,1.6428571428571428,5.4942,0.5,2
IND201007AAA,IND201001AAA,Carting,0.9748445998445998,7.150766666666667,0.6666666666666666,6
IND201007AAA,IND201005AAA,Carting,2.738782051282051,11.217166666666666,0.6666666666666666,3
IND201007AAA,IND201007AAB,Carting,5.5476190476190474,7.6333,1.0,2
IND201007AAA,IND245101AAA,Carting,2.1663636363636365,9.18938,1.0,10
IND201007AAA,IND245304AAA,Carting,2.1255182948364766,8.722172727272728,0.8409090909090909,44
IND201007AAB,IND110044AAB,Carting,2.0482319459293143,11.371703333333333,0.6666666666666666,30
IND201007AAB,IND201007AAA,Carting,2.017857142857143,5.888425,0.5,4
IND201007AAB,IND201301AAF,Carting,1.5010294117647058,6.37976,0.5,10
IND201204AAA,IND250002AAA,FTL,1.7529675638371292,24.19255,0.8333333333333334,6
IND201301AAD,IND110037AAM,Carting,6.066570004070004,12.01235,1.0,6
IND201301AAF,IND201301AAL,Carting,1.3928571428571428,10.7908,1.0,2
IND201301AAF,IND201304AAA,Carting,2.4905549719887956,8.802306249999999,0.8125,16
IND201301AAF,IND203205AAA,FTL,1.5986384500456574,30.393765789473683,0.868421052631579,38
IND201301AAL,IND201301AAF,Carting,1.7130255161505161,11.054491666666665,0.7083333333333334,24
IND201301AAL,IND201307AAA,Carting,1.2856227106227105,9.574349999999999,0.6,10
IND201301AAM,IND000000ACB,Carting,1.8325884183660348,27.52762463768116,0.8454106280193237,207
IND201304AAA,IND201301AAF,Carting,1.6189986737400532,7.308789655172414,0.6206896551724138,29
IND201306AAA,IND201301AAF,Carting,2.4194139194139193,10.67063125,1.0,16
IND201306AAA,IND201304AAA,Carting,72.06666666666666,6.69975,0.5,2
IND201307AAA,IND201301AAL,Carting,1.56725305345995,9.529912068965517,0.5,58
IND202001AAB,IND110037AAM,FTL,2.2155006979735243,24.402316666666668,1.0,6
IND202001AAB,IND205001AAB,FTL,2.752704025110681,23.68923829787234,1.0,47
IND202001AAB,IND207123AAA,FTL,1.7648292349726775,42.3343,0.3333333333333333,6
IND202001AAB,IND282002AAD,FTL,2.1954726449304625,22.83211,1.0,40
IND202001AAC,IND204215AAA,Carting,2.8866071428571427,8.540625,1.0,16
IND203001AAA,IND203131AAA,FTL,3.5412587412587415,17.2137,1.0,5
IND203131AAA,IND203135AAA,FTL,1.7739430616478031,17.5049,0.78125,32
IND203135AAA,IND203390AAA,FTL,1.6830520068699417,22.08254375,0.9375,16
IND203135AAA,IND203396AAB,FTL,2.2904872965122007,18.451275,0.9166666666666666,36
IND203390AAA,IND201301AAF,FTL,2.919369049174462,21.275681,0.96,100
IND203396AAB,IND203390AAA,FTL,1.6849471160525928,17.34478,0.7666666666666667,30
IND204101AAA,IND202001AAB,FTL,3.52864044168392,20.19315,1.0,4
IND204101AAA,IND282002AAD,FTL,3.9181048220570283,26.5851,1.0,8
IND204215AAA,IND207001AAA,Carting,4.874553571428572,8.039179166666667,1.0,24
IND205001AAB,IND110037AAM,FTL,2.4498960147684827,38.09542727272727,0.8181818181818182,11
IND205001AAB,IND205135AAA,Carting,2.058333333333333,8.7299,1.0,5
IND205001AAB,IND205135AAA,FTL,4.379426404949331,21.791535714285715,1.0,14
IND205001AAB,IND209625AAA,FTL,2.304761904761905,26.9224,1.0,3
IND205001AAB,IND209721AAB,FTL,2.411692220747948,17.803713333333334,1.0,30
IND205001AAB,IND283203AAA,FTL,4.689655172413793,66.034,1.0,1
IND205135AAA,IND283203AAA,Carting,3.3333333333333335,8.9976,1.0,3
IND205135AAA,IND283203AAA,FTL,2.407060543515652,22.708408333333335,1.0,12
IND206001AAA,IND000000ACB,FTL,1.5217280102052984,37.417088326848244,0.603112840466926,257
IND206122AAA,IND206001AAA,FTL,1.4206366598771345,24.858091379310345,0.8793103448275862,58
IND207001AAA,IND207302AAA,Carting,1.067744457297089,9.809768,0.24,25
IND207123AAA,IND202001AAB,FTL,8.098039215686274,70.0116,1.0,1
IND207247AAB,IND205001AAB,FTL,2.4284581646423753,25.709715,1.0,20
IND207302AAA,IND202001AAB,Carting,2.7202087796048593,27.036438095238097,0.6666666666666666,21
IND208006AAA,IND209304AAA,Carting,4.973753829016987,11.389155555555554,1.0,9
IND208012AAA,IND209304AAA,Carting,43.903914950789954,10.61708787878788,0.9696969696969697,33
IND208017AAA,IND209304AAA,Carting,9.65545043192102,13.822292307692306,0.8461538461538461,13
IND208019AAA,IND209304AAA,Carting,7.598800451354631,12.657876923076923,0.8461538461538461,13
IND209101AAA,IND209111AAA,FTL,1.1162093806100282,36.77141923076923,0.46153846153846156,26
IND209111AAA,IND285001AAD,FTL,3.672377732769521,16.818358730158728,0.8571428571428571,63
IND209206AAB,IND210301AAA,Carting,2.7433712121212124,7.705245454545454,0.9318181818181818,44
IND209304AAA,IND000000ACB,FTL,1.8223037887578162,32.580837579617835,0.7977707006369427,628
IND209304AAA,IND110037AAM,FTL,2.018431294003279,36.3493043956044,0.8681318681318682,91
IND209304AAA,IND206122AAA,FTL,1.5052620046373528,33.23568448275862,0.7931034482758621,58
IND209304AAA,IND208006AAA,Carting,2.3347269295081348,19.76331463414634,0.6829268292682927,41
IND209304AAA,IND208012AAA,Carting,1.606956406212152,28.4461,0.7142857142857143,42
IND209304AAA,IND208019AAA,Carting,3.8211794443373392,10.960066666666668,0.9444444444444444,36
IND209304AAA,IND209101AAA,FTL,3.244884250247711,36.77118823529412,0.8823529411764706,17
IND209304AAA,IND209206AAB,Carting,1.615922769284136,27.03407391304348,0.5797101449275363,69
IND209304AAA,IND209801AAA,Carting,3.1027036364028526,20.40787052631579,0.8,95
IND209304AAA,IND211002AAB,FTL,1.3657824544200563,34.0023962962963,0.5396825396825397,189
IND209304AAA,IND212601AAA,FTL,1.715909034278598,40.000640625,0.59375,64
IND209304AAA,IND221313AAA,FTL,1.9082058849980765,30.234457142857142,0.7976190476190477,84
IND209304AAA,IND282001AAA,FTL,2.062109347122694,30.036855555555558,0.8787878787878788,99
IND209625AAA,IND241124AAB,FTL,1.3665720079685597,19.106876666666665,0.5,30
IND209721AAB,IND209625AAA,FTL,1.4037026862026862,14.30395,0.6,20
IND209801AAA,IND209304AAA,Carting,9.91190339175788,11.05058,0.72,25
IND210001AAA,IND210427AAA,FTL,4.159067542221567,18.25818,1.0,30
IND210427AAA,IND209304AAA,FTL,4.308891984475872,31.42148367346939,0.9795918367346939,49
IND210431AAA,IND209304AAA,FTL,2.891177692208832,31.860304,1.0,25
IND210501AAB,IND209304AAA,Carting,3.418617153012363,13.700030496453902,0.8581560283687943,141
IND211002AAB,IND209304AAA,FTL,1.8300285913021885,30.65301041666667,0.7430555555555556,144
IND211002AAB,IND211011AAA,Carting,8.128434065934066,5.245842307692308,0.5,26
IND211002AAB,IND211013AAA,Carting,4.4867413632119515,8.424947058823529,0.8235294117647058,17
IND211002AAB,IND485001AAC,FTL,2.5658107264017063,30.944733333333332,1.0,78
IND211008AAA,IND211002AAB,Carting,19.821362433862433,7.870500000000001,1.0,18
IND211010AAB,IND211002AAB,Carting,4.0,9.8043,1.0,1
IND211011AAA,IND212501AAA,Carting,4.609434736379817,10.513134210526315,1.0,38
IND212402AAA,IND211002AAB,Carting,24.64539849039849,10.474952307692307,1.0,65
IND212501AAA,IND212402AAA,Carting,2.0645212041045373,8.47808888888889,0.9722222222222222,36
IND212601AAA,IND210001AAA,FTL,2.685831451722512,21.160259375,0.921875,64
IND221010AAA,IND221005A1A,Carting,4.166666666666667,13.1201,1.0,1
IND221010AAB,IND222001AAA,FTL,2.8154761904761902,19.330933333333334,1.0,3
IND221010AAB,IND232101AAB,Carting,178.86666666666667,11.25,0.3333333333333333,3
IND221010AAB,IND233001AAA,FTL,26.717838840081487,29.588062500000003,1.0,8
IND221303AAA,IND231001AAA,FTL,1.641735679779158,28.935533333333336,1.0,3
IND221313AAA,IND211002AAB,FTL,3.3043364330735123,27.35326388888889,1.0,36
IND221313AAA,IND221010AAA,Carting,4.75,7.145700000000001,1.0,3
IND221313AAA,IND221401AAA,FTL,16.714285714285715,47.8665,1.0,1
IND221313AAA,IND222136AAA,FTL,15.11875,28.5001,1.0,2
IND221313AAA,IND232101AAB,Carting,15.143840364428602,15.080999999999998,1.0,9
IND221313AAA,IND276128AAA,FTL,11.617275865474394,25.7911,0.9,10
IND221401AAA,IND221303AAA,FTL,2.71875,17.918,1.0,2
IND221706AAA,IND273014AAB,FTL,3.0431350972110036,29.56868928571429,1.0,56
IND222001AAA,IND222136AAA,FTL,2.9166666666666665,17.6652,1.0,1
IND222125AAB,IND222001AAA,FTL,2.65625,13.16765,1.0,2
IND223101AAB,IND222125AAB,FTL,1.9650856389986824,14.770635714285715,0.8571428571428571,14
IND224001AAA,IND224141AAB,Carting,3.1384740259740265,8.920568181818181,0.8636363636363636,44
IND224001AAA,IND224141AAB,FTL,3.482142857142857,16.962425,1.0,4
IND224141AAB,IND224122AAA,Carting,3.4037698412698414,9.151325,0.9583333333333334,48
IND224141AAB,IND224122AAA,FTL,4.4411764705882355,13.6581,1.0,2
IND226004AAA,IND226016AAA,Carting,3.2820227220944926,17.08600909090909,0.9090909090909091,11
IND226004AAA,IND226024AAA,Carting,2.791666666666667,9.5385,1.0,2
IND231205AAA,IND231216AAA,FTL,2.9476190476190474,24.039266666666666,1.0,3
IND231208AAA,IND231217AAA,FTL,1.930253623188406,33.5619,1.0,6
IND231217AAA,IND231225AAB,FTL,2.8030015514977924,18.273642857142857,1.0,14
IND231225AAB,IND486886AAA,FTL,1.6767480667480668,23.124657142857142,1.0,7
IND232101AAB,IND232104AAB,Carting,4.143293885601578,7.885284615384616,1.0,13
IND232104AAB,IND221010AAB,Carting,1.672470238095238,11.2327,0.5,4
IND232104AAB,IND232327AAA,Carting,1.6134182181644587,11.653028571428573,0.8571428571428571,7
IND232104AAB,IND233221AAC,Carting,2.187032554011307,28.0285,0.75,8
IND233001AAA,IND275101AAA,FTL,3.6047542735042732,20.916833333333333,1.0,6
IND233001AAA,IND275503AAA,FTL,3.4635854341736696,19.93883333333333,1.0,3
IND241124AAB,IND242001AAA,FTL,2.1947916666666667,23.465925,1.0,4
IND242001AAA,IND242307AAB,FTL,6.230769230769231,19.7927,1.0,1
IND242221AAA,IND207247AAB,FTL,2.585377111456088,32.429186666666666,1.0,15
IND242307AAB,IND207247AAB,FTL,1.9345355634632735,34.186525,1.0,20
IND242307AAB,IND242221AAA,FTL,1.4989096213384139,18.84973,0.8,10
IND243001AAA,IND243503AAB,FTL,1.898008290640003,20.764361538461536,0.9615384615384616,26
IND243001AAA,IND244901AAB,FTL,1.864550106326422,21.881833333333333,1.0,6
IND243002AAA,IND243503AAB,FTL,1.807843137254902,20.53675,1.0,2
IND243201AAA,IND262001AAA,Carting,2.0666389454850993,13.826984615384616,0.9230769230769231,13
IND243301AAB,IND244901AAB,FTL,1.7454353771026547,24.305220000000002,0.6333333333333333,30
IND243301AAB,IND244901AAC,FTL,1.3077730513214385,23.104200000000002,0.5,6
IND243503AAB,IND244901AAB,FTL,3.438511549393385,26.322343902439027,0.975609756097561,41
IND244001AAA,IND263153AAB,FTL,2.049152133279253,24.3886734375,0.96875,64
IND244221AAA,IND131028AAB,FTL,1.752538944173414,32.3085264,0.816,125
IND244235AAA,IND244901AAB,FTL,1.7062519154598619,28.778570000000002,0.5875,80
IND244301AAA,IND244412AAA,FTL,1.7525260818364268,14.585163636363637,0.9545454545454546,22
IND244412AAA,IND243301AAB,FTL,1.0651556241829163,48.562304999999995,0.5,20
IND244412AAA,IND244901AAB,FTL,1.216996201668041,40.99402499999999,0.375,8
IND244501AAA,IND244601AAB,FTL,0.9216963048335434,28.99160625,0.0,16
IND244601AAB,IND244901AAB,FTL,1.2918200360248762,26.762388,0.24,25
IND244713AAA,IND244715AAA,FTL,3.0735294117647056,12.16485,0.5,2
IND244713AAA,IND263401AAA,FTL,2.1145186335403725,24.10099375,1.0,16
IND244715AAA,IND244713AAA,FTL,1.3455615559620977,13.339159375,0.375,32
IND244715AAA,IND263401AAA,FTL,1.2999999999999998,23.86455,0.5,2
IND244901AAB,IND243002AAA,FTL,3.0307667674710053,21.10539375,0.9375,48
IND244901AAB,IND243201AAA,Carting,2.950416182733256,15.24164,0.8,5
IND244901AAB,IND243503AAB,FTL,4.995220588235294,23.328500000000002,1.0,4
IND244901AAB,IND244221AAA,FTL,1.2650724964493703,35.38939666666667,0.6166666666666667,60
IND244901AAB,IND244301AAA,FTL,2.628956608610494,34.888419999999996,0.5333333333333333,30
IND244901AAB,IND244921AAB,Carting,2.8899110149110148,10.217313333333333,0.9333333333333333,15
IND244901AAB,IND246725AAB,FTL,1.2062140301854445,34.939260714285716,0.6607142857142857,56
IND244901AAC,IND244921AAB,Carting,1.5555555555555556,8.120800000000001,1.0,3
IND244921AAB,IND243201AAA,Carting,1.4453922672672672,14.151216666666665,0.5,6
IND244921AAB,IND262001AAA,Carting,1.6477823763538049,12.5735,0.5714285714285714,7
IND245101AAA,IND201007AAA,Carting,2.8021031746031744,9.47991,1.0,10
IND245101AAA,IND245304AAA,Carting,2.259541910331384,8.991356666666666,0.7666666666666667,30
IND245304AAA,IND201007AAA,Carting,2.7414504832774065,8.615076923076924,0.9423076923076923,52
IND245304AAA,IND245101AAA,Carting,2.14575522516699,7.471075,0.8928571428571429,28
IND246001AAA,IND249201AAA,FTL,1.232785746772642,36.444358333333334,0.5833333333333334,12
IND246149AAA,IND249407AAA,FTL,2.8238475141077966,34.02902666666667,1.0,30
IND246174AAA,IND246444AAB,FTL,1.2630963557817112,31.484734375,0.5,32
IND246424AAA,IND246174AAA,FTL,2.0172539427951284,35.484361904761904,0.6190476190476191,42
IND246444AAB,IND246424AAA,FTL,1.4069786721158486,28.121973333333337,1.0,15
IND246701AAA,IND246763AAA,FTL,2.07301761347814,17.1196125,1.0,24
IND246725AAB,IND246701AAA,FTL,1.6122760445174236,18.52005,1.0,20
IND246761AAA,IND244501AAA,FTL,1.2631985927130938,29.818385,0.5,20
IND246761AAA,IND244601AAB,FTL,1.2607142857142857,23.4307,0.5,2
IND246761AAA,IND244901AAB,FTL,1.3622491039426523,35.390775,0.5,4
IND246763AAA,IND244901AAB,FTL,1.600012505699967,32.73661111111111,0.5555555555555556,18
IND246763AAA,IND246761AAA,FTL,2.503903634850691,21.716686363636363,1.0,22
IND247554AAA,IND248001AAA,FTL,1.4445532078631864,26.506454166666668,0.75,48
IND247554AAA,IND248001AAD,FTL,1.5076405663716717,26.416275,0.75,8
IND247667AAA,IND249407AAA,FTL,2.1996558654809886,15.460667857142857,1.0,28
IND247667AAB,IND249407AAA,FTL,2.3055555555555554,15.1969,1.0,4
IND247776AAA,IND251309AAB,FTL,1.2913533834586466,15.763757142857143,0.6428571428571429,14
IND248001AAA,IND131028AAB,FTL,1.7907164987572115,25.894299074074073,0.7870370370370371,108
IND248001AAD,IND131028AAB,Carting,2.1520481040837076,12.14929157894737,0.8842105263157894,95
IND248001AAD,IND131028AAB,FTL,2.4822179319032616,25.905055555555556,0.8055555555555556,36
IND248122AAB,IND248001AAA,FTL,2.1648706314610204,33.20879333333333,1.0,15
IND248197AAA,IND248122AAB,FTL,1.8087865297716421,26.078037037037035,0.6296296296296297,27
IND249201AAA,IND246174AAA,FTL,2.0259153946130475,36.83573333333333,1.0,12
IND249201AAA,IND249407AAA,FTL,11.06258558435029,21.412041176470588,1.0,17
IND249407AAA,IND131028AAB,FTL,2.7275048589669164,27.519095726495724,0.9914529914529915,117
IND249407AAA,IND246149AAA,FTL,2.5462810585105453,38.579454285714284,0.9714285714285714,35
IND249407AAA,IND249201AAA,FTL,2.164255804412393,20.650394444444444,1.0,18
IND250002AAA,IND131028AAB,FTL,2.3637604596155324,27.011773333333334,0.9333333333333333,15
IND250221AAA,IND251201AAA,FTL,3.125,19.9858,1.0,1
IND250611AAA,IND247776AAA,FTL,1.9154375927103198,19.538554545454545,1.0,22
IND251001AAA,IND247554AAA,FTL,5.674089497459064,12.932808333333334,0.9166666666666666,24
IND251201AAA,IND131028AAB,FTL,5.821033696033696,27.012225,1.0,4
IND251201AAA,IND250002AAA,FTL,1.9464285714285714,19.76695,1.0,2
IND251309AAB,IND131028AAB,FTL,1.9325398228846504,23.091413333333332,1.0,30
IND261001AAA,IND262701AAA,FTL,2.102913842344064,21.796981355932203,1.0,59
IND261201AAB,IND261001AAA,FTL,1.6896432366372802,30.76856842105263,0.9736842105263158,38
IND262001AAA,IND244901AAB,Carting,1.6412349555206698,21.600714285714286,0.5714285714285714,7
IND262001AAA,IND262122AAB,Carting,1.4031034024455078,13.274745000000001,0.55,20
IND262122AAB,IND244901AAB,Carting,2.5576840043973785,14.4321025,0.95,40
IND262405AAA,IND263153AAB,FTL,5.6474175035868015,27.706733333333332,1.0,3
IND262501AAA,IND263153AAB,FTL,1.450379335976131,52.12670000000001,0.625,40
IND262701AAA,IND262802AAA,FTL,2.6086688842203545,16.46244,1.0,40
IND262802AAA,IND262723AAB,FTL,2.743939784460203,30.77738888888889,1.0,63
IND263002AAA,IND263645AAA,FTL,1.2968950200943317,28.110742307692306,0.5384615384615384,26
IND263139AAA,IND263153AAB,FTL,1.9285557184750732,17.638691666666666,0.5833333333333334,12
IND263153AAB,IND131028AAB,FTL,2.069064326879831,29.287863636363635,0.8716577540106952,187
IND263153AAB,IND244713AAA,FTL,4.232142857142857,18.504033333333332,1.0,3
IND263153AAB,IND244715AAA,FTL,1.9285741508292455,27.748212499999998,0.7083333333333334,48
IND263153AAB,IND263002AAA,FTL,3.048316938956414,30.705343243243245,0.6216216216216216,37
IND263153AAB,IND263139AAA,FTL,2.725040396111825,17.581785714285715,1.0,14
IND263153AAB,IND263401AAA,FTL,2.7061688311688314,20.39995,1.0,2
IND263153AAB,IND263645AAA,FTL,1.1983516911066434,27.86055,0.5,4
IND263401AAA,IND244713AAA,FTL,2.409090909090909,24.3682,1.0,1
IND263401AAA,IND263153AAB,FTL,2.1485480705710884,20.093863333333335,1.0,30
IND263601AAA,IND262501AAA,FTL,2.2035802649945553,37.48499666666667,0.9333333333333333,30
IND263601AAA,IND263153AAB,FTL,3.6776345545002265,30.781725,0.75,4
IND263601AAA,IND263645AAA,FTL,1.8452380952380953,26.2592,1.0,2
IND263645AAA,IND262501AAA,FTL,2.0595811051693405,38.3979,1.0,4
IND263645AAA,IND263601AAA,FTL,2.3327351953745685,29.07951,0.75,20
IND271001AAA,IND271201AAA,Carting,27.133111111111113,8.924888,1.0,25
IND271001AAA,IND271210AAA,Carting,45.72721088435374,10.099214285714286,1.0,7
IND271201AAA,IND271210AAA,Carting,2.5224206349206346,9.914244444444444,1.0,18
IND271210AAA,IND271001AAA,Carting,3.288350726958883,11.222979166666667,0.9305555555555556,72
IND272001AAA,IND272175AAA,FTL,2.0804924242424243,17.450925,1.0,4
IND272001AAA,IND273014AAB,FTL,2.021387181738367,45.25972,0.6,15
IND272155AAA,IND272001AAA,FTL,1.610929951690821,17.330033333333333,0.5,6
IND272207AAB,IND272153AAC,Carting,3.1462585034013606,9.633657142857142,1.0,7
IND273014AAB,IND209304AAA,FTL,2.2321559010642704,30.762828888888887,0.8222222222222222,45
IND273014AAB,IND273155AAA,Carting,2.857300387093411,16.305666666666667,0.9047619047619048,21
IND273014AAB,IND273304AAA,Carting,1.9142307373864749,16.054255555555557,0.8333333333333334,18
IND273014AAB,IND274001AAA,FTL,2.5528483898211065,18.857608333333335,1.0,48
IND273014AAB,IND274301AAB,FTL,1.2346947738252085,27.735066666666665,0.3333333333333333,3
IND273014AAB,IND277303AAC,FTL,2.096258857768831,25.902343333333334,0.9888888888888889,90
IND273155AAA,IND273014AAB,Carting,2.2114285714285713,9.09488,0.8,5
IND273155AAA,IND273303AAA,Carting,3.1666666666666665,7.2709,0.6666666666666666,3
IND273303AAA,IND273304AAA,Carting,2.005952380952381,9.181750000000001,0.75,4
IND273304AAA,IND273014AAB,Carting,2.641486968778374,17.212339999999998,0.79,100
IND274001AAA,IND273014AAB,FTL,4.987134502923976,19.4477,1.0,3
IND274001AAA,IND274509AAB,FTL,1.8087871199204322,15.708804166666667,0.75,24
IND274301AAB,IND273014AAB,FTL,3.610416736787272,37.00151666666667,1.0,30
IND274304AAA,IND274304AAB,FTL,4.769230769230769,18.897033333333333,1.0,6
IND274304AAB,IND274301AAB,FTL,2.117081447963801,12.475846153846154,0.6538461538461539,26
IND274304AAB,IND274304AAA,FTL,2.909090909090909,15.9321,1.0,1
IND274402AAA,IND274301AAB,FTL,3.4117647058823533,21.5529,1.0,2
IND274402AAA,IND274304AAB,FTL,3.1858974358974357,17.928625,1.0,4
IND274509AAB,IND274001AAA,FTL,2.0625,14.7282,0.5,2
IND274509AAB,IND274304AAA,FTL,1.6233034276512537,19.952466666666666,0.8333333333333334,6
IND274509AAB,IND274402AAA,FTL,2.080166914406045,20.19608333333333,0.8333333333333334,6
IND275101AAA,IND275503AAA,FTL,4.136363636363637,15.9229,1.0,2
IND275303AAA,IND276140AAA,FTL,2.3262867647058822,23.246274999999997,1.0,4
IND275503AAA,IND275303AAA,FTL,4.230769230769231,18.889699999999998,1.0,4
IND276128AAA,IND276305AAA,FTL,2.001225066639559,19.703475,1.0,12
IND276129AAA,IND221010AAB,FTL,2.3507697947214075,21.85115,0.75,4
IND276140AAA,IND276129AAA,FTL,2.2857142857142856,20.37015,1.0,2
IND276305AAA,IND223101AAB,FTL,1.9642327599936296,14.216464285714286,0.7857142857142857,14
IND277201AAA,IND221706AAA,FTL,2.4251094696644118,24.045925,0.7857142857142857,28
IND277211AAA,IND277201AAA,FTL,2.491904761904762,23.5233,1.0,5
IND277303AAC,IND277211AAA,FTL,1.4445493395493394,20.039441666666665,1.0,12
IND281121AAB,IND110037AAM,FTL,1.9708308269266215,33.55564242424242,0.9090909090909091,66
IND281401AAA,IND121004AAB,Carting,2.1784659784659786,13.288095238095238,1.0,21
IND281401AAA,IND321022AAA,Carting,1.357272579146075,11.329176,0.4,25
IND282001AAA,IND000000ACB,FTL,1.5128918030061196,39.725825,0.675,40
IND282001AAA,IND110037AAM,Carting,1.9526912716145899,19.1419,0.7719298245614035,57
IND282001AAA,IND110037AAM,FTL,1.7277130125012852,39.586064,0.84,25
IND282001AAC,IND000000ACB,FTL,2.166777268670053,36.7811875,0.75,16
IND282001AAF,IND283122AAB,Carting,3.7884718816536997,8.93458787878788,0.8787878787878788,33
IND282001AAF,IND283122AAB,FTL,2.1491228070175437,23.976785714285715,1.0,7
IND282002AAD,IND110037AAM,FTL,1.5469243486706723,31.837037499999997,0.875,8
IND282002AAD,IND204101AAA,FTL,2.3056403635351,21.74252222222222,1.0,9
IND282002AAD,IND205001AAB,FTL,1.9644477300746919,32.008611904761906,0.9047619047619048,42
IND282002AAD,IND281004AAA,FTL,1.2782932565370646,37.428145,0.4,20
IND282002AAD,IND474003AAA,FTL,1.503046536346284,28.728922448979592,0.5918367346938775,49
IND283122AAB,IND282005AAA,Carting,48.90840825840826,14.489257142857143,0.8571428571428571,7
IND283122AAB,IND328001AAA,FTL,1.170554137048474,21.44114761904762,0.2857142857142857,21
IND283203AAA,IND110037AAM,Carting,1.9233982032991233,20.234709523809524,0.7619047619047619,21
IND283203AAA,IND110037AAM,FTL,1.7194034033515877,36.186131192660554,0.7706422018348624,109
IND283203AAA,IND282002AAD,FTL,2.1493055555555554,23.368850000000002,1.0,2
IND284001AAA,IND284403AAA,FTL,2.593982197813841,25.773451851851853,0.8148148148148148,27
IND284403AAA,IND472001AAA,FTL,1.1793615161213844,40.052925,0.5,4
IND284403AAA,IND474003AAA,FTL,2.5048076923076925,223.2655,1.0,1
IND285001AAD,IND285205AAB,FTL,1.9530713376813542,14.63902619047619,0.7619047619047619,42
IND285205AAB,IND210431AAA,FTL,2.22413971810746,27.484113333333333,0.8,15
IND301001AAB,IND302014AAA,FTL,4.833930562832468,26.786191666666667,0.9166666666666666,12
IND301001AAB,IND321001AAB,FTL,1.9237876087956853,19.133588235294116,0.9803921568627451,51
IND301001AAB,IND321606AAA,FTL,2.281120213915913,27.952944444444444,1.0,9
IND301019AAA,IND123001AAA,FTL,2.4304412016002575,19.399125,0.875,8
IND301019AAA,IND301705AAA,FTL,3.1808272765413537,19.73907222222222,0.8888888888888888,18
IND301705AAA,IND123001AAA,FTL,2.340725806451613,24.211850000000002,1.0,2
IND302004AAA,IND302014AAB,Carting,3.0647041847041847,9.483986666666668,0.9333333333333333,15
IND302004AAA,IND302033AAB,Carting,1.45,6.8595,0.5,2
IND302006AAA,IND302014AAB,Carting,3.951874514374514,7.186326923076924,0.9615384615384616,26
IND302006AAC,IND302014AAB,Carting,4.291666666666666,10.104099999999999,1.0,2
IND302014AAA,IND000000ACB,FTL,1.6719583310325925,28.976881218274112,0.8426395939086294,197
IND302014AAA,IND110037AAM,FTL,1.664990796495133,27.019747402597407,0.7272727272727273,154
IND302014AAA,IND301001AAB,FTL,1.9465695004276,27.56635873015873,0.7698412698412699,126
IND302014AAA,IND303702AAB,FTL,2.143789211591069,22.022809523809524,0.8571428571428571,21
IND302014AAA,IND305001AAC,FTL,2.2224077333606393,26.171794047619045,0.9761904761904762,84
IND302014AAA,IND306401AAB,FTL,2.229092559543327,24.241049999999998,0.9615384615384616,26
IND302014AAA,IND313001AAB,FTL,1.866397174074789,27.536003351955305,0.9832402234636871,179
IND302014AAA,IND332404AAA,FTL,2.150090299277606,21.950475,0.75,4
IND302014AAB,IND302004AAA,Carting,2.28951749903307,9.622719607843138,0.6666666666666666,51
IND302014AAB,IND302006AAA,Carting,1.5664214691558442,9.334434375,0.75,32
IND302014AAB,IND302006AAC,Carting,2.528799040465707,11.321744444444445,0.9333333333333333,45
IND302014AAB,IND302020AAA,Carting,2.113459380126047,7.292863888888888,0.6666666666666666,36
IND302014AAB,IND302023AAA,Carting,2.744372319599592,9.669025454545455,0.8181818181818182,55
IND302014AAB,IND302026AAA,Carting,4.493156989209621,10.789207894736842,1.0,38
IND302014AAB,IND303008AAB,Carting,1.520904154325207,11.795434285714284,0.6571428571428571,35
IND302014AAB,IND303301AAB,Carting,1.3924314815619163,15.933453846153848,0.34615384615384615,26
IND302014AAB,IND303303AAA,Carting,1.9614158526658525,11.644466666666666,0.4444444444444444,18
IND302014AAB,IND303603AAB,Carting,1.2926370548219288,13.382285714285715,0.2857142857142857,7
IND302014AAB,IND303901AAA,Carting,3.465190087690088,10.314596666666667,0.7333333333333333,30
IND302014AAB,IND304001AAA,Carting,2.4169642857142857,11.1371625,1.0,8
IND302020AAA,IND302014AAB,Carting,2.6172381711855395,6.400307894736843,0.5526315789473685,38
IND302022AAD,IND000000ACB,Carting,1.7050018439144254,12.106816339869281,0.7712418300653595,153
IND302026AAA,IND302014AAB,Carting,8.938492063492063,17.434525,0.75,4
IND303002AAA,IND302014AAA,FTL,1.9441154859633119,23.815549999999998,1.0,20
IND303008AAB,IND303338AAB,Carting,1.721598440545809,10.216426666666667,0.7333333333333333,15
IND303106AAA,IND302014AAA,FTL,2.0198798913504796,22.426914285714282,0.8571428571428571,7
IND303106AAA,IND303002AAA,FTL,1.68468536537422,17.990685714285714,0.9285714285714286,14
IND303108AAB,IND303106AAA,FTL,1.820253451303503,21.790116666666666,0.9444444444444444,18
IND303301AAB,IND303303AAA,Carting,1.6440281349855819,8.070225531914893,0.6382978723404256,47
IND303303AAA,IND322230AAA,Carting,1.5487554914647235,12.88408524590164,0.6065573770491803,122
IND303338AAB,IND303603AAB,Carting,1.0413605462270323,14.451858333333334,0.2916666666666667,24
IND303503AAA,IND302014AAB,Carting,2.0589305373005056,13.88095625,0.84375,64
IND303603AAB,IND302014AAB,Carting,2.235165511240073,13.311444444444444,0.6944444444444444,36
IND303603AAB,IND303338AAB,Carting,1.1295122887864824,12.54345,0.5,4
IND303702AAB,IND332001AAB,FTL,1.6296326754385966,21.1797625,1.0,16
IND303702AAB,IND332404AAA,FTL,1.7473520658263306,17.43430625,0.875,16
IND303901AAA,IND304001AAA,Carting,1.7589947089947089,9.592766666666668,0.8333333333333334,18
IND304001AAA,IND322001AAC,Carting,1.5064935064935063,11.735528571428572,0.8571428571428571,7
IND305001AAC,IND305802AAA,FTL,2.5924210292631344,15.139068181818182,1.0,22
IND305001AAC,IND305901AAA,FTL,1.9543337202531257,26.669039215686276,0.9411764705882353,51
IND305001AAC,IND306401AAB,FTL,2.057440220277833,24.32479805825243,0.9805825242718447,103
IND305001AAC,IND342602AAC,FTL,1.814525834073048,28.86279,0.8,10
IND305404AAA,IND305001AAC,FTL,1.9524475524475524,24.8368,0.75,4
IND305404AAA,IND305601AAC,FTL,1.4854866765977208,20.157155263157893,0.6052631578947368,38
IND305601AAC,IND305001AAC,FTL,1.8909052711993888,34.96531,0.95,20
IND305624AAA,IND305404AAA,FTL,2.317768099450601,26.565383333333333,0.5833333333333334,24
IND305802AAA,IND341512AAA,FTL,2.197836855173812,19.636083333333332,0.9166666666666666,12
IND305901AAA,IND305624AAA,FTL,2.479941393913665,38.82892,1.0,5
IND305901AAA,IND342602AAC,FTL,1.9496476042872848,29.807299999999998,0.8333333333333334,18
IND306116AAA,IND306001AAA,FTL,1.993253168287651,31.25745,0.9,10
IND306304AAB,IND311302AAA,FTL,1.9345238095238095,32.57275,1.0,2
IND306401AAB,IND302014AAA,FTL,1.890994287344791,25.064981566820276,0.8894009216589862,217
IND306401AAB,IND305001AAC,Carting,2.819379913068062,12.515011782477341,0.851963746223565,331
IND306401AAB,IND342005AAD,FTL,1.9205390318156916,23.807409259259263,0.9444444444444444,54
IND306401AAB,IND343001AAA,FTL,1.6320855108230663,30.812245,0.85,20
IND306902AAA,IND306116AAA,FTL,1.5185185185185186,30.8816,1.0,1
IND307001AAA,IND306902AAA,FTL,1.7350898692810457,17.4648,0.5,4
IND311001AAA,IND313324AAA,FTL,0.936923076923077,44.86415,0.5,10
IND311301AAA,IND305624AAA,FTL,5.073610374761691,22.71898333333333,1.0,12
IND311302AAA,IND305624AAA,FTL,7.735011548479041,23.29273333333333,1.0,6
IND312001AAA,IND311001AAA,FTL,1.514691526224034,18.339661538461538,0.8717948717948718,39
IND312001AAA,IND312601AAA,FTL,2.2146761527729946,28.419833333333333,0.6666666666666666,12
IND312403AAA,IND312001AAA,FTL,1.509769550742294,33.632792592592594,0.5925925925925926,27
IND312601AAA,IND458664AAA,FTL,1.7004010850139462,36.955866666666665,0.5833333333333334,12
IND312605AAB,IND313001AAB,FTL,2.0787988621674978,27.87314285714286,0.9285714285714286,42
IND312605AAB,IND458001AAB,FTL,2.8791203703703707,16.884866666666667,0.7916666666666666,24
IND313001AAB,IND306401AAB,FTL,3.0920293024692262,27.241222033898303,0.9322033898305084,118
IND313001AAB,IND311001AAA,FTL,2.292634026601418,27.44445,1.0,6
IND313001AAB,IND312001AAA,FTL,2.0475751950745895,21.984113846153846,0.9846153846153847,65
IND313001AAB,IND327001AAB,FTL,2.9861724451630223,31.082851785714286,0.9821428571428571,56
IND313001AAB,IND382430AAB,FTL,2.1412191506578946,29.001905633802817,0.8732394366197183,142
IND313324AAA,IND313001AAB,FTL,1.8011322353927879,21.899056097560976,0.7804878048780488,41
IND321001AAA,IND301001AAB,FTL,2.8124974226715818,35.62200666666667,0.8666666666666667,15
IND321001AAA,IND321401AAB,FTL,1.2334635671352423,20.856095,0.5,20
IND321001AAB,IND321001AAA,FTL,1.4188017598343687,16.177225,0.6666666666666666,12
IND321001AAB,IND321401AAB,FTL,1.7230910185932675,23.689533333333333,0.3333333333333333,6
IND321022AAA,IND121004AAB,Carting,2.997077905518967,13.456548717948717,0.8846153846153846,78
IND321408AAB,IND301001AAB,FTL,2.6786920849420848,38.718425,1.0,4
IND321408AAB,IND321606AAA,FTL,2.6222906403940884,20.144537500000002,0.75,8
IND321606AAA,IND301001AAB,FTL,3.262472336321441,43.227038888888885,1.0,18
IND321606AAA,IND321001AAA,FTL,1.536690865093769,33.3078,0.8333333333333334,6
IND322001AAC,IND302014AAB,Carting,1.7003450263541255,13.767316666666666,0.6666666666666666,36
IND322201AAA,IND302014AAB,Carting,2.5398088023088023,11.242322727272727,0.7727272727272727,22
IND322201AAA,IND303503AAA,Carting,1.9216789493575208,9.203019642857143,0.875,56
IND322230AAA,IND322241AAA,Carting,2.0719527946800675,8.322803636363636,0.7090909090909091,55
IND322241AAA,IND322201AAA,Carting,2.8100661375661375,8.0707,0.8,60
IND327001AAB,IND312605AAB,FTL,1.2096343430877015,25.188792857142857,0.7857142857142857,14
IND328001AAA,IND000000ACB,FTL,1.0199253154253154,33.299170000000004,0.5,10
IND328001AAA,IND282002AAD,FTL,2.621231644384319,20.554466666666666,0.8095238095238095,21
IND328001AAA,IND474003AAA,FTL,1.3711988211514703,28.37737368421053,0.7368421052631579,19
IND331022A1B,IND331001A1C,FTL,2.8569703243616282,20.306833333333334,0.6666666666666666,3
IND331023AAA,IND331304AAA,FTL,1.2265752765752767,17.71175,0.3333333333333333,6
IND331304AAA,IND332001AAB,FTL,3.7014694885437924,40.84321428571429,0.7857142857142857,14
IND331507AAA,IND302014AAA,FTL,2.3684103556679355,28.683745833333333,0.875,24
IND331701AAA,IND125001AAA,FTL,3.12515815504946,23.968466666666668,0.6666666666666666,6
IND332001AAB,IND333001AAA,FTL,1.2688578329882678,21.125255555555555,0.5555555555555556,9
IND332001AAB,IND333028AAA,FTL,1.4379136652328182,24.322,0.625,8
IND332001AAB,IND333031AAA,FTL,2.022843171321432,22.448529999999998,0.8,10
IND332001AAB,IND333042AAA,FTL,3.4849652105961235,17.48808214285714,0.9285714285714286,28
IND332001AAB,IND334001AAB,FTL,1.7662704326404015,23.829667777777775,0.9666666666666667,90
IND332001AAB,IND334001AAC,FTL,1.5802595507380675,23.95111111111111,0.9629629629629629,27
IND332404AAA,IND332001AAB,FTL,1.995390440289176,17.361666666666665,0.7777777777777778,36
IND332713AAA,IND332709AAA,FTL,2.228169515669516,28.83713333333333,0.9166666666666666,12
IND332713AAA,IND332715AAB,FTL,1.5365612648221343,37.0627,1.0,2
IND333001AAA,IND333028AAA,FTL,1.8986700371205394,17.84245,0.5,6
IND333028AAA,IND333502AAA,FTL,1.0637254901960784,20.384700000000002,0.5,2
IND333028AAA,IND333504AAA,FTL,1.4213362068965516,28.93815,0.5,2
IND333031AAA,IND331023AAA,FTL,3.3836445279866334,19.95601,1.0,10
IND333042AAA,IND333031AAA,FTL,1.4267268323744893,26.526820512820514,0.7948717948717948,39
IND333504AAA,IND332713AAA,FTL,1.8410256410256411,22.225425,1.0,4
IND334001AAB,IND334803AAA,FTL,1.8718876439464676,21.535816666666665,1.0,6
IND334001AAC,IND334803AAA,FTL,1.7207091834607313,20.540108333333333,0.8333333333333334,12
IND334001AAC,IND341001AAC,FTL,1.6354656862745098,23.07554,1.0,10
IND334803AAA,IND341001AAC,FTL,2.507062454611474,17.51502222222222,0.8888888888888888,9
IND335001AAA,IND125104AAA,FTL,1.646558238058238,25.1024575,0.9,40
IND335051AAA,IND335513AAA,Carting,1.9413143613520227,13.280067073170732,0.5121951219512195,82
IND335501AAA,IND331701AAA,FTL,1.7142857142857142,23.5577,1.0,1
IND335513AAA,IND335001AAA,FTL,1.9581158810325476,20.927677777777777,0.9444444444444444,18
IND335513AAA,IND335803AAA,Carting,1.5453373140269693,11.542932,0.56,25
IND335513AAA,IND335804AAD,Carting,1.538425925925926,9.497166666666667,0.6666666666666666,6
IND335523AAB,IND125001AAA,FTL,2.3344217107132708,29.84094,0.8,5
IND335524AAA,IND335523AAB,FTL,1.173913043478261,20.74365,0.5,2
IND335701AAA,IND335051AAA,Carting,1.10821734707373,11.962123333333333,0.3,30
IND335703AAA,IND335701AAA,Carting,1.5038950731807874,8.741994285714286,0.34285714285714286,35
IND335803AAA,IND335804AAD,Carting,1.3432518461930225,9.877882352941176,0.47058823529411764,17
IND335804AAD,IND335701AAA,Carting,1.2094065656565656,9.556725,0.3125,16
IND335804AAD,IND335703AAA,Carting,1.2661105480524717,12.783558620689655,0.27586206896551724,29
IND341001AAC,IND341030AAA,FTL,2.098191889632107,20.920525,0.75,4
IND341001AAC,IND341303AAA,FTL,1.8291386098160225,24.52533928571429,0.9642857142857143,28
IND341030AAA,IND341303AAA,FTL,1.4478165730229715,18.388733333333334,0.7777777777777778,9
IND341303AAA,IND341306AAA,FTL,1.8020208083233293,17.134025,1.0,28
IND341306AAA,IND302014AAA,FTL,2.2747908012296745,28.736778125,1.0,32
IND341503AAB,IND341510AAB,FTL,2.284592892487629,23.595541666666666,1.0,24
IND341505AAA,IND341503AAB,FTL,2.22067473263756,26.49456111111111,0.5833333333333334,36
IND341505AAA,IND341510AAB,FTL,1.5928855083088953,26.096325,0.75,4
IND341510AAB,IND305001AAC,FTL,2.335982202140562,24.550066666666662,1.0,42
IND341512AAA,IND341505AAA,FTL,1.5042131459522763,21.687116666666668,0.8333333333333334,6
IND342005AAD,IND342601AAA,FTL,2.5070048975526387,20.229562962962966,1.0,27
IND342005AAD,IND342902A1B,FTL,1.7634103641456582,25.78505,1.0,4
IND342005AAD,IND342902AAA,FTL,2.910037470914019,25.550825,1.0,20
IND342005AAD,IND344022AAB,FTL,1.6939501175501983,23.525405555555555,0.9444444444444444,18
IND342301AAA,IND342005AAD,FTL,4.18723512180324,43.52471851851852,0.9259259259259259,54
IND342601AAA,IND342902A1B,FTL,2.2605932840307843,19.511683333333334,1.0,12
IND342601AAA,IND342902AAA,FTL,1.840658893078248,19.251916666666666,1.0,6
IND342602AAC,IND306304AAB,FTL,2.0742705570291777,29.8539,1.0,2
IND342602AAC,IND311302AAA,FTL,1.7351101580797745,31.211616666666668,0.75,12
IND342902A1B,IND302014AAA,FTL,2.6025691522555654,26.83654111111111,0.9666666666666667,90
IND342902AAA,IND302014AAA,FTL,2.243516264114367,26.364686000000003,0.96,50
IND343001AAA,IND343029AAB,FTL,1.502489884842826,23.60115,0.8333333333333334,6
IND343029AAB,IND307001AAA,FTL,1.6219545842052234,25.69825,0.5,6
IND344001AAA,IND342301AAA,FTL,1.3435853338265709,35.183875,0.6666666666666666,36
IND344001AAA,IND345001AAA,FTL,0.9781651282596447,22.282164285714288,0.11904761904761904,42
IND344001AAA,IND345021AAA,FTL,1.22330044551264,37.01436666666667,0.5238095238095238,21
IND344022AAB,IND342301AAA,FTL,1.4454439652021662,45.671622222222226,0.6666666666666666,9
IND344022AAB,IND344001AAA,FTL,1.4434280564827522,24.02337222222222,0.8055555555555556,36
IND345001AAA,IND342301AAA,FTL,1.7117345336303857,24.00515714285714,0.5714285714285714,7
IND345001AAA,IND345021AAA,FTL,1.4205806560140926,21.872825,0.65,20
IND345021AAA,IND342301AAA,FTL,1.577757031839849,20.901130000000002,0.7333333333333333,30
IND360003AAA,IND360311AAA,Carting,1.9732142857142856,12.138875,0.875,8
IND360311AAA,IND360050AAA,Carting,1.5050505050505052,9.38044,0.8,5
IND360370AAA,IND360410AAA,FTL,2.4615384615384617,16.2596,1.0,1
IND360410AAA,IND360490AAA,FTL,2.8241758241758244,17.15215,1.0,2
IND360490AAA,IND362001AAA,FTL,2.685222569097569,21.48194,1.0,20
IND360510AAB,IND360530AAB,Carting,1.8651443901443903,9.910659459459458,0.6216216216216216,37
IND360530AAB,IND362001AAA,Carting,2.117233809691003,12.81440505050505,0.8686868686868687,99
IND360575AAA,IND360510AAB,Carting,1.6781516203838578,11.871148780487806,0.8048780487804879,41
IND361001AAA,IND361305AAC,FTL,2.2335221734892787,18.12514375,1.0,48
IND361305AAC,IND361315AAA,FTL,1.53993689020427,20.218631818181816,0.9090909090909091,22
IND361305AAC,IND361335AAA,FTL,1.5729166666666667,20.9425,1.0,4
IND361315AAA,IND361335AAA,FTL,1.5907382724227643,20.484127272727275,1.0,22
IND361335AAA,IND360002AAB,FTL,1.257146785489879,34.221244444444444,0.7777777777777778,9
IND362001AAA,IND360370AAA,FTL,2.637797619047619,16.360485,1.0,20
IND362001AAA,IND360575AAA,Carting,1.632919213722785,10.739514285714284,0.7142857142857143,112
IND362001AAA,IND362220AAA,Carting,2.967117964340187,10.234509259259259,0.9259259259259259,54
IND362001AAA,IND362265AAA,Carting,1.7456290849673204,11.724775,0.625,16
IND362150AAA,IND362001AAA,Carting,1.7193388763512603,13.09408947368421,0.7368421052631579,57
IND362220AAA,IND362225AAA,Carting,2.0043000028294147,9.409416666666665,0.8888888888888888,18
IND362220AAA,IND362265AAA,Carting,1.6676190476190478,8.93258,0.7,10
IND362225AAA,IND362265AAA,Carting,1.6491071428571429,9.584470833333333,0.8333333333333334,24
IND362265AAA,IND362720AAA,Carting,3.007912315604623,10.24772564102564,0.9871794871794872,78
IND362560AAA,IND362150AAA,Carting,2.1262086379737637,11.485961538461538,0.8615384615384616,65
IND362720AAA,IND362560AAA,Carting,2.027643290686769,9.589033333333333,0.927536231884058,69
IND363001AAA,IND363421AAB,FTL,1.4419565209540182,13.711342857142856,0.42857142857142855,28
IND363310AAB,IND382430AAB,FTL,1.9216077773467721,22.703329629629632,0.48148148148148145,54
IND363330AAB,IND363310AAB,FTL,1.801446816734202,14.899175,0.5625,16
IND363421AAB,IND364710AAA,FTL,2.8491596638655463,18.159953846153847,0.7948717948717948,39
IND363520AAC,IND363001AAA,FTL,1.320767561589827,19.32281282051282,0.46153846153846156,39
IND363621AAB,IND360002AAB,Carting,2.098989898989899,9.78445,0.875,8
IND363641AAA,IND360002AAB,Carting,1.7429189857761287,11.355385714285715,0.8571428571428571,7
IND363641AAA,IND363621AAB,Carting,1.2846736596736597,13.648305555555556,0.7222222222222222,18
IND364004AAB,IND365560AAA,FTL,3.1277696167573192,21.93774857142857,0.9714285714285714,35
IND364270AAA,IND364001AAA,FTL,1.9237251718869366,24.256875,1.0,4
IND364290AAA,IND365560AAB,FTL,2.2263157894736842,19.77195,1.0,2
IND365560AAA,IND365560AAB,FTL,1.9774321244198163,21.073666666666664,0.9583333333333334,24
IND365560AAB,IND364290AAA,FTL,2.571665298650302,20.40703636363636,1.0,22
IND370001AAA,IND370110AAA,FTL,11.624851684263449,20.13541,1.0,10
IND370001AAA,IND370201AAA,FTL,10.054106280193237,17.870266666666666,1.0,3
IND370001AAA,IND370615AAB,FTL,1.6871379669702338,23.95383125,0.875,16
IND370110AAA,IND370001AAA,FTL,2.223558434231256,21.205028571428574,1.0,28
IND370110AAA,IND370615AAB,FTL,2.033265647396082,22.011175,1.0,4
IND370201AAA,IND363310AAB,FTL,1.9912518022636827,23.89237142857143,0.7142857142857143,7
IND370201AAA,IND363330AAB,FTL,1.7596515632798955,24.592239583333335,0.5833333333333334,48
IND370615AAB,IND370001AAA,FTL,5.480951340326341,36.309799999999996,1.0,4
IND380005AAA,IND382421AAA,Carting,2.387962962962963,6.397566666666666,0.5833333333333334,12
IND380005AAA,IND382430AAB,Carting,2.314814814814815,12.654866666666665,1.0,3
IND380005AAA,IND382721AAA,Carting,3.6563124375624376,9.66815,0.75,4
IND380006AAA,IND382430AAB,Carting,2.9394400352733685,7.500833333333333,0.9166666666666666,36
IND380006AAB,IND382430AAB,Carting,2.9929272887606224,9.071446296296296,1.0,54
IND380021AAA,IND382430AAB,Carting,4.606311589644923,9.398299999999999,1.0,63
IND380054AAA,IND382430AAB,Carting,2.1780615592196475,11.423475000000002,0.9791666666666666,48
IND382421AAA,IND382430AAB,Carting,3.971332248432632,13.072596666666668,0.9,60
IND382421AAA,IND382721AAA,Carting,1.3296458443517267,8.259728571428571,0.6071428571428571,28
IND382430AAB,IND000000ACB,FTL,3.5154236267646457,27.7092082437276,0.9175627240143369,558
IND382430AAB,IND313001AAB,FTL,1.8800585050958682,26.756293288590605,0.9261744966442953,149
IND382430AAB,IND364004AAB,FTL,1.6406495738773932,24.407985714285715,0.8311688311688312,77
IND382430AAB,IND370201AAA,FTL,1.9529171342743112,31.66377122302158,0.5971223021582733,139
IND382430AAB,IND380005AAA,Carting,2.428044717628051,10.51124351851852,0.8796296296296297,108
IND382430AAB,IND380015AAB,Carting,3.4519423008553445,7.786249275362319,0.9420289855072463,69
IND382430AAB,IND380054AAA,Carting,2.587558538507906,10.817316455696202,1.0,79
IND382430AAB,IND382345AAA,Carting,4.276830197166018,9.958647761194031,0.9850746268656716,67
IND382430AAB,IND384205AAA,FTL,3.58718756202213,26.315052631578947,0.631578947368421,76
IND382430AAB,IND387620AAB,Carting,2.72636960740409,13.812316666666666,0.8333333333333334,6
IND382430AAB,IND388320AAA,FTL,0.9186508651720211,40.936985185185186,0.1111111111111111,27
IND382430AAB,IND389001AAA,FTL,1.7345328109672877,27.429422857142857,0.9809523809523809,105
IND382430AAB,IND395023AAA,FTL,1.8664732222947673,28.312956333333332,0.9,300
IND382715AAA,IND382430AAB,FTL,1.9878385050478657,23.323275000000002,0.9615384615384616,52
IND382721AAA,IND382430AAB,Carting,2.060796797170902,12.504863636363638,0.7575757575757576,66
IND383001AAA,IND383315AAC,FTL,1.2075367181654866,25.26306153846154,0.38461538461538464,26
IND383255AAB,IND384205AAA,FTL,1.4731959169171445,27.73767567567568,0.3783783783783784,37
IND383315AAC,IND383255AAB,FTL,1.4087162656619856,23.5108085106383,0.48936170212765956,47
IND383315AAC,IND384205AAA,FTL,1.4895915678524374,23.79496,0.4,5
IND384170AAA,IND384265AAB,FTL,1.9963099205426573,18.689388235294118,0.6470588235294118,17
IND384205AAA,IND382430AAB,FTL,1.884685412626589,24.304724999999998,1.0,4
IND384205AAA,IND382715AAA,FTL,1.6153688047951331,21.038991666666664,0.9722222222222222,36
IND384205AAA,IND383001AAA,FTL,1.4772689817723317,24.301072727272725,0.36363636363636365,33
IND384205AAA,IND384170AAA,FTL,1.3345809283309285,20.8763125,0.5,8
IND384205AAA,IND384355AAB,FTL,2.0214711496233235,18.127411538461537,1.0,26
IND384205AAA,IND385001AAA,FTL,1.753781512605042,31.083866666666665,0.6666666666666666,3
IND384265AAB,IND385320AAA,FTL,1.2594435629715872,26.015563636363638,0.42424242424242425,33
IND384265AAB,IND385340AAB,FTL,1.2777824326211422,34.77696666666667,0.3333333333333333,3
IND384355AAB,IND384205AAA,FTL,2.040372670807453,16.693849999999998,1.0,2
IND384355AAB,IND385001AAA,FTL,1.394512603165634,22.200273529411763,0.6470588235294118,34
IND385001AAA,IND385535AAA,FTL,2.3786205710354316,18.11332631578947,1.0,19
IND385320AAA,IND385340AAB,FTL,1.2160760281896716,18.694733333333335,0.2916666666666667,24
IND385340AAB,IND384205AAA,FTL,1.0707124082300035,23.58103125,0.1875,16
IND385535AAA,IND384205AAA,FTL,2.0586394477226695,23.419480597014925,0.9402985074626866,67
IND387001AAA,IND388220AAA,Carting,1.9581877195322575,9.063466666666667,0.9761904761904762,42
IND387620AAB,IND389230AAB,Carting,1.9935374149659866,10.138314285714285,0.8571428571428571,7
IND388121AAA,IND388620AAB,Carting,1.627801519468186,9.95512962962963,0.7037037037037037,54
IND388220AAA,IND388320AAA,Carting,2.876917659060516,9.248938095238096,0.9285714285714286,42
IND388320AAA,IND387001AAA,Carting,1.8767378215654078,7.636303448275862,0.7931034482758621,29
IND388320AAA,IND388121AAA,Carting,4.25,10.2572,1.0,1
IND388320AAA,IND388220AAA,Carting,1.825925925925926,9.086866666666667,1.0,3
IND388320AAA,IND390022AAA,FTL,1.9946275621714218,20.783691666666666,0.8333333333333334,12
IND388620AAB,IND388320AAA,Carting,1.7995428082384606,10.204082608695652,0.7681159420289855,69
IND389001AAA,IND389151AAA,FTL,1.667613501445063,28.317746031746033,0.8253968253968254,63
IND389151AAA,IND457661AAA,FTL,2.833597963647891,21.98407272727273,1.0,22
IND390018AAB,IND390020AAA,Carting,2.0,12.0449,1.0,1
IND390020AAA,IND390018AAB,Carting,1.6818181818181819,5.6818,0.5,2
IND390020AAA,IND390022AAA,Carting,4.041269841269841,8.8804,1.0,3
IND390020AAA,IND391110AAD,Carting,2.8038603261817547,8.723464285714286,0.8928571428571429,28
IND390022AAA,IND382430AAB,FTL,1.3904254293156413,20.387020512820513,0.8205128205128205,39
IND390022AAA,IND388320AAA,Carting,1.5738171314887,13.592406944444445,0.6111111111111112,72
IND390022AAA,IND390020AAA,Carting,2.716060606060606,7.387040000000001,0.6,5
IND390022AAA,IND395023AAA,FTL,1.8528265651096891,24.679801360544218,0.9727891156462585,147
IND391110AAD,IND390020AAA,Carting,3.4650347915972914,8.91615,1.0,16
IND391110AAD,IND390022AAA,Carting,2.951388888888889,9.60605,0.75,4
IND395001AAA,IND395023AAD,Carting,8.50156695156695,11.156005555555556,0.8333333333333334,18
IND395004AAB,IND395023AAD,Carting,5.958189033189034,10.504428571428573,1.0,7
IND395006AAA,IND395023AAD,Carting,21.902083333333334,11.384475,0.75,4
IND395009AAA,IND395023AAD,Carting,7.894579304138127,13.340961904761906,0.9523809523809523,21
IND395010AAB,IND395023AAA,Carting,0.71875,8.88465,0.5,2
IND395023AAA,IND110037AAM,FTL,1.80435284882299,27.612814618369985,0.8822768434670116,773
IND395023AAA,IND382430AAB,FTL,1.7599196999797715,29.35451144278607,0.9054726368159204,201
IND395023AAA,IND390022AAA,FTL,1.7199598842040327,26.285616981132076,0.9433962264150944,53
IND395023AAA,IND394221AAA,Carting,2.6755793226381464,9.7065,0.6666666666666666,3
IND395023AAA,IND396191AAC,FTL,2.1036591014141828,27.1939125,1.0,40
IND395023AAA,IND411033AAA,FTL,2.4659743893069646,29.53904025974026,0.8506493506493507,154
IND395023AAA,IND421302AAG,FTL,2.3341151255186072,26.947263333333336,0.9,30
IND395023AAA,IND562132AAA,FTL,1.841417616460813,26.90848695187166,0.8288770053475936,935
IND395023AAD,IND395001AAA,Carting,4.429945054945055,9.300875,0.6666666666666666,12
IND395023AAD,IND395004AAB,Carting,2.5200182170770407,8.434176470588236,1.0,34
IND395023AAD,IND395006AAA,Carting,1.3904485451655262,7.833752830188679,0.5849056603773585,53
IND395023AAD,IND395009AAA,Carting,2.6307546620046622,8.0808625,1.0,8
IND395023AAD,IND396445AAA,Carting,2.169047619047619,11.374407142857143,1.0,14
IND396001AAA,IND395023AAD,Carting,2.6061993633732765,16.33882972972973,0.8378378378378378,37
IND396105AAA,IND396191AAC,Carting,1.9449404761904763,7.294925,1.0,4
IND396191AAB,IND421302AAG,FTL,2.034884448319507,27.65518333333333,0.75,12
IND396191AAC,IND395023AAA,FTL,2.198796975970889,26.726125,1.0,4
IND396191AAC,IND396105AAA,Carting,1.6196969696969696,10.70655,0.25,4
IND396191AAC,IND396210AAA,Carting,3.909090909090909,10.2921,1.0,1
IND396191AAC,IND396232AAA,Carting,2.1974736048265457,11.10825588235294,0.9705882352941176,34
IND396191AAC,IND421302AAG,FTL,2.2773845790762453,29.664251162790695,0.8604651162790697,43
IND396232AAA,IND396191AAC,Carting,3.3847082547082548,11.700583333333332,1.0,30
IND396321AAA,IND396001AAA,Carting,1.4343546619749827,11.948254545454546,0.9545454545454546,22
IND396321AAA,IND396580AAB,Carting,2.0318632756132757,9.012789999999999,0.95,80
IND396445AAA,IND396321AAA,Carting,1.9417233560090703,13.237371428571429,1.0,21
IND396580AAB,IND396321AAA,Carting,2.194054783038535,10.067717647058823,0.8235294117647058,34
IND400011AAA,IND400072AAB,Carting,2.5907035094535096,8.1985375,1.0,24
IND400011AAA,IND400072AAD,Carting,2.9450283407265267,10.058820560747662,0.9626168224299065,107
IND400015AAA,IND400072AAB,Carting,3.181918757900801,9.79733661971831,0.9436619718309859,71
IND400015AAA,IND421302AAG,Carting,3.803670634920635,10.137825,0.75,4
IND400015AAB,IND400072AAB,Carting,3.368495855995856,12.1839,0.8333333333333334,12
IND400015AAB,IND421302AAG,Carting,2.8838860826644037,11.403514772727272,0.9204545454545454,88
IND400016AAA,IND400015AAA,Carting,0.9,6.11395,0.5,2
IND400016AAB,IND400072AAB,Carting,2.5,5.592,0.5,2
IND400016AAB,IND400072AAD,Carting,2.379349816849817,9.543470833333332,0.75,24
IND400037AAA,IND400072AAJ,Carting,2.946496826155211,14.233664285714285,0.9285714285714286,14
IND400064AAB,IND400072AAB,Carting,3.0483682983682985,12.791599999999999,1.0,4
IND400064AAB,IND400072AAD,Carting,2.8300137362637363,7.213415625,0.59375,32
IND400072AAA,IND421302AAG,Carting,3.9603174603174605,9.204533333333332,1.0,3
IND400072AAB,IND000000AFT,Carting,3.0912489927334184,11.322281343283581,0.9776119402985075,134
IND400072AAB,IND400011AAA,Carting,3.649305555555556,10.8778,1.0,4
IND400072AAB,IND400015AAA,Carting,3.4589441424311813,10.251518644067797,0.9067796610169492,118
IND400072AAB,IND400015AAB,Carting,2.9305555555555554,10.81265,1.0,2
IND400072AAB,IND400701AAB,Carting,2.698148148148148,11.09435,1.0,6
IND400072AAB,IND401104AAA,Carting,3.05082009388461,9.697074838709677,0.9225806451612903,155
IND400072AAB,IND401104AAB,Carting,3.642857142857143,9.76005,1.0,2
IND400072AAB,IND411033AAA,FTL,1.880834645268187,27.17973,0.8,40
IND400072AAB,IND421302AAG,Carting,4.802419275169275,9.930990555555555,0.95,180
IND400072AAB,IND421302AAR,Carting,3.263415258576549,9.750487096774194,0.967741935483871,62
IND400072AAB,IND421302AAS,Carting,6.028703703703704,9.729866666666666,1.0,6
IND400072AAC,IND400011AAA,Carting,3.162267634326458,10.802611764705881,1.0,34
IND400072AAD,IND421302AAG,Carting,5.840151465032717,9.188475886524824,0.8262411347517731,282
IND400072AAI,IND000000AFS,Carting,9.416666666666666,14.7276,1.0,1
IND400072AAJ,IND400037AAA,Carting,9.0,13.96195,1.0,2
IND400102AAB,IND421302AAG,Carting,4.04423094332438,11.563729310344828,0.8793103448275862,58
IND400102AAC,IND400052AAA,Carting,3.998084743539289,8.234845454545454,0.8181818181818182,11
IND400102AAC,IND421302AAG,Carting,5.6047460570438155,11.771749382716049,0.9259259259259259,81
IND400612AAA,IND421302AAR,Carting,2.6663752913752914,12.0038,0.8333333333333334,12
IND400701AAA,IND400705AAA,Carting,3.6666666666666665,18.925,1.0,1
IND400701AAA,IND410206AAA,Carting,1.8282727827727827,9.059202,0.72,50
IND400701AAB,IND421302AAG,Carting,2.734636379575826,11.523190196078431,0.9607843137254902,51
IND400705AAA,IND421302AAH,Carting,3.146811997526283,10.13952,0.7142857142857143,35
IND400706AAA,IND000000AFT,Carting,4.712121212121212,10.32765,1.0,2
IND401104AAA,IND400072AAB,Carting,4.178287575944605,10.761625423728812,0.9830508474576272,59
IND401104AAA,IND401208AAA,Carting,2.7557789807789805,11.925837837837838,0.9864864864864865,74
IND401104AAA,IND401209AAA,Carting,2.9134615384615383,12.67425,1.0,2
IND401104AAA,IND421302AAG,Carting,3.1047300461645144,14.591003703703704,0.9629629629629629,27
IND401104AAB,IND400072AAB,Carting,3.0769400352733687,11.253488888888889,1.0,9
IND401104AAB,IND421302AAG,Carting,9.519714574254643,14.66675111111111,0.8666666666666667,45
IND401209AAA,IND401104AAA,Carting,6.030202354612518,11.343925862068964,0.9827586206896551,58
IND401209AAB,IND401104AAA,Carting,7.569948862054125,10.243218181818182,0.9696969696969697,33
IND401209AAB,IND421302AAG,Carting,2.6416666666666666,12.154666666666666,1.0,3
IND401209AAB,IND421302AAH,Carting,2.76591623730208,11.607698305084746,0.9661016949152542,59
IND401501AAA,IND401602AAA,Carting,3.156481708591683,9.405023529411764,0.9607843137254902,51
IND401602AAA,IND401501AAA,Carting,6.44618254229358,15.970906451612903,0.9354838709677419,31
IND402107AAA,IND402109AAA,Carting,2.6384438775510204,10.396242857142857,0.9857142857142858,70
IND402109AAA,IND402301AAA,Carting,2.0325008091814816,10.640746218487395,0.9327731092436975,119
IND402301AAA,IND402107AAA,Carting,2.2162387570055677,10.97633539823009,0.9734513274336283,113
IND403002AAA,IND403726AAB,Carting,2.0595238095238098,11.1822,1.0,3
IND403401AAA,IND403726AAB,Carting,6.330406354438904,22.269616666666668,1.0,6
IND403507AAA,IND403726AAB,Carting,5.364090782511834,9.668933333333333,0.6666666666666666,9
IND403507AAB,IND403726AAB,Carting,27.636363636363637,9.543275,0.5,4
IND403601AAA,IND403726AAB,Carting,2.7294322344322346,10.22255,1.0,10
IND403702AAA,IND575004AAB,FTL,2.157112240745018,25.177873958333333,0.96875,96
IND403702AAA,IND581314AAA,FTL,1.5142857142857142,23.233500000000003,1.0,3
IND403726AAA,IND403702AAA,FTL,1.8625170602344516,25.367705555555556,1.0,18
IND403726AAA,IND411033AAA,FTL,1.898001044849643,31.897275109170305,0.7903930131004366,229
IND403726AAA,IND416510AAA,FTL,2.0917799739570837,26.659946666666666,1.0,15
IND403726AAA,IND575004AAB,FTL,2.1112015290148998,25.21882857142857,1.0,28
IND403726AAA,IND581303AAA,FTL,1.8971942026462125,28.508253846153846,1.0,39
IND403726AAA,IND581400AAB,FTL,1.7421153846153845,28.949975,0.75,4
IND403726AAB,IND403002AAA,Carting,1.3404761904761906,8.3379625,0.5,8
IND403726AAB,IND403401AAA,Carting,3.9135510557612005,11.714908333333334,0.6666666666666666,12
IND403726AAB,IND403507AAA,Carting,0.9713668913359316,8.737466666666668,0.2,15
IND403726AAB,IND403507AAB,Carting,0.8823529411764706,12.1106,0.0,3
IND403726AAB,IND403601AAA,Carting,1.5952861952861952,8.083425,0.8333333333333334,12
IND410206AAA,IND000000AFT,Carting,3.2645714285714287,9.611648,1.0,25
IND410206AAB,IND000000AFT,Carting,2.7208805135114478,10.529205555555556,0.9305555555555556,72
IND410401AAA,IND421302AAG,FTL,1.9967740901074236,25.43441515151515,0.8181818181818182,33
IND410501AAF,IND411033AAA,Carting,2.9500608766233767,11.998574999999999,1.0,8
IND410503AAA,IND410505AAB,Carting,5.539930555555555,8.28285,0.75,8
IND410505AAB,IND410501AAF,Carting,3.7157142857142857,7.697329999999999,0.9,10
IND410505AAB,IND411033AAA,Carting,1.9726244343891404,10.356175,1.0,4
IND411014AAA,IND411033AAA,Carting,4.046422714469389,10.40345652173913,0.9130434782608695,46
IND411014AAA,IND411043AAA,Carting,7.581272893772895,8.325535714285715,0.7142857142857143,14
IND411014AAA,IND411048AAA,Carting,25.19993894993895,7.551208333333334,0.9166666666666666,12
IND411017AAA,IND412105AAC,Carting,2.5177197802197804,9.134625,1.0,4
IND411021AAA,IND411033AAA,Carting,3.6825496141285616,6.7457087719298245,0.43859649122807015,57
IND411033AAA,IND000000AAL,Carting,2.704565553636761,12.273675675675676,0.8648648648648649,37
IND411033AAA,IND000000ACB,FTL,1.69920019503302,28.667086688311688,0.7283549783549783,924
IND411033AAA,IND400072AAB,FTL,1.76985780260294,26.63716,0.725,40
IND411033AAA,IND403726AAA,FTL,1.9094252488997674,30.96949641791045,0.8507462686567164,335
IND411033AAA,IND410503AAA,Carting,3.1404617669804926,13.494246153846152,1.0,13
IND411033AAA,IND410505AAB,Carting,1.89289292640133,11.177785714285715,0.7857142857142857,14
IND411033AAA,IND411014AAA,Carting,3.5900900717001725,9.515595,0.7583333333333333,120
IND411033AAA,IND411021AAA,Carting,3.86259140402976,6.216409589041096,0.5068493150684932,73
IND411033AAA,IND411036AAA,Carting,2.7814757172651907,8.81727052631579,0.8105263157894737,95
IND411033AAA,IND413002AAA,FTL,1.6768531197198167,25.89238703703704,0.8024691358024691,324
IND411033AAA,IND413501AAA,FTL,2.0028854266906184,29.616341666666667,1.0,12
IND411033AAA,IND414001AAA,FTL,1.8509936600286356,24.117077777777777,1.0,18
IND411033AAA,IND416012AAA,FTL,1.5491141374441233,26.975029365079365,0.8015873015873016,126
IND411033AAA,IND421302AAG,FTL,1.823782012910124,27.515941923076923,0.7384615384615385,520
IND411033AAA,IND431136AAC,FTL,2.1197935997726094,24.57745,0.9833333333333333,120
IND411033AAA,IND431603AAA,FTL,2.263264916402684,28.480360869565217,1.0,253
IND411033AAA,IND501359AAE,FTL,1.758088937429856,29.326379087452473,0.7756653992395437,263
IND411033AAA,IND521225AAB,FTL,1.8885240578433622,32.47022082111437,0.8123167155425219,341
IND411033AAA,IND562132AAA,FTL,2.321819908874902,25.250905621301776,0.8195266272189349,338
IND411033AAA,IND580028AAA,FTL,1.6937706878584466,25.439115789473682,0.7684210526315789,95
IND411033AAB,IND411057AAF,Carting,4.298701298701299,10.19025,1.0,2
IND411036AAA,IND411033AAA,Carting,2.367763806375732,9.342998989898991,0.9292929292929293,99
IND411043AAA,IND411014AAA,Carting,8.802197802197803,8.39025,1.0,6
IND411048AAA,IND411014AAA,Carting,4.178571428571429,8.67445,0.75,4
IND412105AAC,IND411017AAA,Carting,2.334528098164462,9.310660606060607,0.8939393939393939,66
IND412210AAC,IND411033AAA,FTL,1.3731117395847532,24.78265,0.75,8
IND412803AAB,IND421802AAA,FTL,1.1150537634408602,23.64775,0.0,2
IND413002AAA,IND413304AAA,Carting,2.12955812955813,9.95035945945946,0.9864864864864865,74
IND413002AAA,IND413307AAC,Carting,2.1084656084656084,9.9412,1.0,9
IND413002AAA,IND413501AAA,FTL,1.5920374063840146,21.58801746031746,0.9841269841269841,63
IND413002AAA,IND421302AAG,FTL,2.216908468034065,26.947137062937063,0.8321678321678322,143
IND413002AAA,IND501359AAE,FTL,2.4038057154607575,30.325333027522934,0.7477064220183486,218
IND413304AAA,IND413002AAA,Carting,1.7745115995115996,9.485079487179487,0.8205128205128205,39
IND413304AAA,IND415301AAB,Carting,1.4536139015305682,9.4508,0.8611111111111112,36
IND413307AAB,IND413304AAA,Carting,5.238227513227513,8.265866666666666,0.8333333333333334,12
IND413307AAC,IND413002AAA,Carting,2.025717338217338,11.306140000000001,0.9,10
IND413401AAA,IND411033AAA,FTL,1.8657072790488713,27.208568449197863,0.839572192513369,187
IND413501AAA,IND411033AAA,FTL,2.041211910568762,25.121733333333335,0.8333333333333334,12
IND413501AAA,IND413401AAA,FTL,1.444111176952792,19.063138095238095,0.9761904761904762,42
IND413517AAA,IND431603AAA,Carting,2.0476096367400713,13.78137,0.9,10
IND413517AAA,IND431717AAA,Carting,2.8571789321789325,9.96425,0.9166666666666666,12
IND413531AAA,IND413517AAA,Carting,4.1167468334135,9.64711111111111,0.9629629629629629,27
IND413709AAA,IND423109AAA,Carting,1.889588876243049,14.026533333333333,0.6666666666666666,39
IND413709AAA,IND423601AAA,Carting,0.9847808441558441,9.677575000000001,0.0,4
IND413709AAA,IND423701AAB,Carting,2.204054279054279,8.982616666666667,0.9166666666666666,12
IND414001AAA,IND411033AAA,FTL,2.156912020180386,25.873099999999997,0.8333333333333334,6
IND414001AAA,IND414203AAB,FTL,1.8055555555555554,20.322400000000002,1.0,3
IND414001AAA,IND414302AAB,FTL,1.7739130434782608,21.0137,1.0,2
IND414203AAB,IND414302AAB,FTL,1.7923145933014355,24.565375,1.0,4
IND414302AAB,IND411033AAA,FTL,2.2797772617819057,27.9684,1.0,8
IND414302AAB,IND412210AAC,FTL,1.736842105263158,22.8751,1.0,1
IND414502AAA,IND431107AAB,FTL,1.1299804905239688,18.70711,0.7,10
IND415003AAA,IND411033AAA,FTL,1.394057501811439,25.27122,0.8,10
IND415003AAA,IND412803AAB,FTL,1.2412064446990918,19.314785714285712,0.42857142857142855,14
IND415124AAA,IND415605AAA,FTL,1.1713010221696194,23.800193333333333,0.23333333333333334,60
IND415301AAB,IND413307AAB,Carting,2.4801813787716043,10.552414285714287,0.7142857142857143,14
IND415408AAC,IND416012AAA,FTL,3.824206307423485,40.51033846153847,0.7692307692307693,13
IND415409AAB,IND415124AAA,FTL,2.5010366344605477,16.04455,0.75,24
IND415605AAA,IND415709AAA,FTL,2.2285734872012046,16.81901875,0.96875,32
IND415612AAA,IND415408AAC,FTL,2.6445937800059474,29.267646875,0.96875,32
IND415709AAA,IND416012AAA,FTL,2.1332883817804102,29.194625714285717,0.5428571428571428,35
IND415709AAA,IND416122AAA,FTL,1.6274261896689521,28.548042857142857,0.42857142857142855,7
IND416012AAA,IND395023AAA,FTL,1.7604572188507064,27.4628156424581,0.7849162011173184,358
IND416012AAA,IND415003AAA,FTL,1.9194948218241423,21.075117021276593,1.0,47
IND416012AAA,IND415409AAB,FTL,2.1075031328320804,22.206599999999998,1.0,8
IND416012AAA,IND415612AAA,FTL,3.7964076100252515,27.288642857142854,0.9795918367346939,49
IND416012AAA,IND591237AAB,FTL,2.4463326454677072,19.929740000000002,1.0,20
IND416122AAA,IND395023AAA,FTL,1.9341599995553647,27.35671739130435,0.782608695652174,23
IND416404AAA,IND416012AAA,FTL,3.093926549420938,52.23438125,1.0,16
IND416510AAA,IND416602AAC,FTL,2.8057887774993038,26.341033333333332,1.0,12
IND416510AAA,IND416606AAA,Carting,1.9319343648755662,11.203736764705882,0.8676470588235294,68
IND416602AAC,IND411033AAA,FTL,2.2688349149519347,31.229153658536582,0.9024390243902439,82
IND416606AAA,IND416510AAA,Carting,23.497669035539626,10.77701,1.0,50
IND421301AAA,IND421302AAR,Carting,2.971142459073494,6.5945448275862075,0.6206896551724138,29
IND421302AAF,IND421302AAR,Carting,2.9840277777777775,11.670433333333333,1.0,12
IND421302AAG,IND000000ACB,FTL,1.921066047879819,28.897313947990547,0.9101654846335697,1269
IND421302AAG,IND000000AFT,Carting,3.3544302516929383,12.758071,0.95,100
IND421302AAG,IND110037AAM,FTL,1.9862906429364124,29.02621575129534,0.8715025906735752,965
IND421302AAG,IND131028AAB,FTL,1.8202000926848776,28.282315519568154,0.8960863697705803,741
IND421302AAG,IND160002AAC,FTL,1.7721930664784167,28.072861016949155,0.8983050847457628,59
IND421302AAG,IND382430AAB,FTL,2.0799139587533246,28.544201212121212,0.9575757575757575,330
IND421302AAG,IND395023AAA,FTL,2.7702922871617353,26.25059065420561,0.9813084112149533,107
IND421302AAG,IND400015AAA,Carting,3.0064363234458393,10.236179326923077,0.9086538461538461,208
IND421302AAG,IND400015AAB,Carting,2.7994369991710415,9.677218439716313,0.9290780141843972,141
IND421302AAG,IND400072AAA,Carting,2.807763276979528,9.784301204819277,0.927710843373494,83
IND421302AAG,IND400072AAB,Carting,2.9773306073039696,9.432771986970684,0.9087947882736156,307
IND421302AAG,IND400072AAJ,Carting,3.325076205731286,9.549576363636364,0.9,110
IND421302AAG,IND400078AAB,Carting,3.2272727272727275,8.10075,1.0,2
IND421302AAG,IND400102AAB,Carting,2.8349558887824196,11.21374387755102,0.9591836734693877,98
IND421302AAG,IND400102AAC,Carting,3.5042790544479168,12.323044378698226,0.9112426035502958,169
IND421302AAG,IND400701AAB,Carting,3.0118027174845357,11.233002272727273,0.9772727272727273,44
IND421302AAG,IND401104AAA,Carting,4.038093723943283,14.209333548387097,0.9548387096774194,155
IND421302AAG,IND401104AAB,Carting,2.2523711795450927,14.504445,1.0,20
IND421302AAG,IND410401AAA,FTL,2.1838615125110037,23.866925000000002,0.8181818181818182,44
IND421302AAG,IND411033AAA,FTL,2.101984375179313,26.945872191011237,0.8539325842696629,356
IND421302AAG,IND413002AAA,FTL,1.9723945883006346,26.675969911504424,0.8761061946902655,113
IND421302AAG,IND421401AAC,Carting,3.4865027829313546,8.70033469387755,0.8979591836734694,49
IND421302AAG,IND422011AAD,FTL,2.2021009138437724,23.007348412698413,0.8888888888888888,126
IND421302AAG,IND444005AAB,FTL,2.3463594319048986,27.418390214797135,0.9880668257756563,419
IND421302AAG,IND462022AAA,FTL,2.1724170724010765,27.525646648044695,0.9441340782122905,358
IND421302AAG,IND501359AAE,FTL,1.9464105040295796,30.086756631892698,0.8390461997019374,671
IND421302AAG,IND562132AAA,FTL,1.8523993524229243,26.219315384615385,0.8735632183908046,1131
IND421302AAG,IND712311AAA,FTL,1.9793300486092318,34.87497211394303,0.8545727136431784,667
IND421302AAG,IND834002AAB,FTL,2.0569314218482595,33.39192398373984,0.9105691056910569,246
IND421302AAN,IND400072AAB,Carting,2.4607300685425684,9.440495833333333,0.875,48
IND421302AAR,IND400612AAA,Carting,2.5873517786561266,8.759717391304347,0.8260869565217391,23
IND421302AAR,IND421004AAA,Carting,4.203724839102198,7.256366037735849,0.8867924528301887,53
IND421302AAR,IND421301AAA,Carting,4.9452614379084965,6.495394117647059,0.9705882352941176,34
IND421302AAR,IND421302AAF,Carting,4.235294117647059,20.5132,1.0,1
IND421401AAC,IND421601AAB,Carting,3.887973969264819,10.635333333333334,0.9259259259259259,27
IND421502AAA,IND421302AAR,Carting,3.736245656700202,10.005575757575757,1.0,33
IND421601AAB,IND421302AAG,Carting,3.8005725434894564,10.020968852459015,0.9344262295081968,61
IND421802AAA,IND411033AAA,FTL,3.2042398285688307,20.144175,0.75,28
IND422011AAD,IND413709AAA,Carting,2.069264069264069,12.310618181818182,0.8181818181818182,11
IND422011AAD,IND421302AAG,FTL,3.2816122829467873,27.085853773584905,0.9245283018867925,106
IND422011AAD,IND422103AAC,Carting,1.76527977210543,19.66724375,0.375,32
IND422011AAD,IND423109AAA,Carting,1.519752517494453,15.892906666666667,0.8,15
IND422103AAC,IND422605AAA,Carting,1.8511363636363638,8.387808333333334,0.875,48
IND422103AAC,IND423601AAA,Carting,2.1515873015873015,9.509566666666666,1.0,6
IND422605AAA,IND413709AAA,Carting,2.000440917107584,8.370877777777778,0.8888888888888888,54
IND422605AAA,IND423109AAA,Carting,1.9428112648221343,19.9877,0.75,4
IND423105AAA,IND423106AAA,FTL,1.5152173913043478,18.4153,0.5,2
IND423105AAA,IND423301AAB,FTL,1.641888494528246,17.059192857142857,1.0,14
IND423106AAA,IND423105AAA,FTL,1.7662716646276428,18.354525,1.0,16
IND423109AAA,IND413709AAA,Carting,1.5740740740740742,10.660233333333332,0.6666666666666666,3
IND423109AAA,IND423601AAA,Carting,2.298743386243386,6.285020833333333,0.8333333333333334,24
IND423109AAA,IND423701AAB,Carting,2.7261904761904763,9.388774999999999,1.0,4
IND423601AAA,IND413709AAA,Carting,2.242406204906205,10.060058333333332,0.5833333333333334,12
IND423601AAA,IND423701AAB,Carting,1.8983831754665088,9.452844444444445,0.9722222222222222,36
IND423701AAB,IND422011AAD,Carting,1.9382281236810488,12.718471666666668,0.8111111111111111,180
IND424006AAA,IND421302AAG,FTL,2.4204162262143267,24.410275,0.9583333333333334,96
IND424006AAA,IND423105AAA,FTL,2.1029411764705883,23.89555,0.5,2
IND424006AAA,IND423106AAA,FTL,1.8680969418139628,20.769190000000002,0.7,20
IND424006AAA,IND424101AAA,Carting,2.1331040963393906,9.791150980392157,0.9803921568627451,51
IND424006AAA,IND424304AAC,FTL,2.1633386980523204,18.05912916666667,1.0,24
IND424006AAA,IND425401AAA,Carting,5.12,8.2588,0.6,5
IND424006AAA,IND425405AAA,FTL,2.0398905761134865,20.054155555555557,1.0,9
IND424006AAA,IND425412AAA,FTL,2.0143849206349205,25.356333333333335,1.0,12
IND424006AAA,IND452001AAC,Carting,2.6906349206349205,10.741530000000001,1.0,10
IND424101AAA,IND431103AAA,Carting,1.6272727272727272,10.425866666666666,0.6666666666666666,3
IND424201AAA,IND424006AAA,Carting,10.552238805970148,85.721,1.0,1
IND424304AAC,IND424006AAA,FTL,22.313662790697673,56.7526,1.0,2
IND424304AAC,IND425412AAA,FTL,1.8749500576386764,26.63553333333333,1.0,18
IND425109AAA,IND424201AAA,Carting,1.0654040404040404,11.80655,0.5,4
IND425201AAA,IND425508AAB,Carting,2.1522937710437713,10.377180555555556,1.0,36
IND425401AAA,IND425109AAA,Carting,2.0858585858585856,8.440725,0.75,4
IND425405AAA,IND424006AAA,FTL,15.434254548600242,49.25235,1.0,18
IND425405AAA,IND425409AAA,FTL,2.222222222222222,22.3245,1.0,3
IND425406AAA,IND425405AAA,FTL,1.956024531024531,21.008775,1.0,4
IND425406AAA,IND425409AAA,FTL,2.3823529411764706,24.672849999999997,1.0,2
IND425406AAA,IND425412AAA,FTL,2.0266339869281045,18.50035,1.0,6
IND425409AAA,IND424006AAA,FTL,12.08108108108108,94.5602,1.0,1
IND425409AAA,IND424304AAC,FTL,2.2392496392496395,30.996633333333335,1.0,3
IND425409AAA,IND425406AAA,FTL,2.208830123742404,24.523316666666666,0.9444444444444444,18
IND425409AAA,IND425412AAA,FTL,2.25,19.113950000000003,1.0,2
IND425412AAA,IND424006AAA,FTL,13.835443037974683,109.1615,1.0,1
IND425412AAA,IND424304AAC,FTL,2.1644736842105265,28.8352,1.0,2
IND425412AAA,IND425406AAA,FTL,2.457590155945419,18.64155,1.0,6
IND425412AAA,IND425409AAA,FTL,2.1267321713374345,19.67802,0.85,20
IND425508AAB,IND450331AAA,Carting,3.519758597883598,8.102920833333334,0.8958333333333334,48
IND431001AAB,IND431136AAC,Carting,3.2126543209876544,7.715144444444444,0.9166666666666666,36
IND431107AAB,IND431136AAC,FTL,1.9163541158068584,24.400116666666666,1.0,12
IND431112AAB,IND431136AAC,Carting,2.8715174345856163,9.848422727272727,0.9886363636363636,88
IND431122AAA,IND431127AAA,FTL,2.223185107376284,15.096621428571428,1.0,14
IND431127AAA,IND414502AAA,FTL,2.1890197449203663,20.83215238095238,1.0,21
IND431131AAB,IND431603AAA,Carting,6.39017847232133,11.192164285714286,0.9285714285714286,14
IND431136AAC,IND411033AAA,FTL,2.2310195087596014,24.13277692307692,0.9769230769230769,130
IND431136AAC,IND431001AAA,Carting,6.081267806267807,7.789294871794873,0.8461538461538461,39
IND431136AAC,IND431112AAB,Carting,2.0076447245564895,17.7491125,1.0,8
IND431136AAC,IND431122AAA,FTL,2.22894670023755,27.570402222222224,1.0,45
IND431136AAC,IND431203AAA,Carting,2.487753472601162,10.086693749999998,0.9732142857142857,112
IND431203AAA,IND431112AAB,Carting,2.075323129251701,9.55392,0.9857142857142858,70
IND431203AAA,IND431136AAC,Carting,1.8434997294372295,10.200825,0.9375,16
IND431514AAA,IND431515AAA,FTL,2.3092594384244927,15.319440625,0.96875,32
IND431515AAA,IND431517AAB,FTL,3.0213860544217686,21.633928571428573,1.0,14
IND431517AAB,IND411033AAA,FTL,2.5402113484598923,28.39986842105263,0.9210526315789473,152
IND431603AAA,IND413517AAA,Carting,3.1739357864357864,10.74206,1.0,10
IND431603AAA,IND413531AAA,Carting,2.7781594056062144,11.692029787234043,0.9574468085106383,47
IND431603AAA,IND431401AAA,Carting,6.805952380952381,16.37028,0.6,5
IND431603AAA,IND431708AAA,FTL,2.7318201700970244,16.214453333333335,0.9666666666666667,30
IND431708AAA,IND431514AAA,FTL,2.0689349840314915,20.708053125,1.0,32
IND431717AAA,IND431603AAA,Carting,3.9326270340421283,17.02348888888889,1.0,9
IND441206AAB,IND441603AAA,Carting,2.8594877344877343,10.932300000000001,1.0,9
IND441206AAB,IND442605AAA,Carting,3.03427257024818,11.237278048780489,1.0,41
IND441603AAA,IND442605AAA,Carting,1.9583333333333333,10.6371,1.0,3
IND441614AAA,IND481001AAA,FTL,2.341460944647219,19.303272222222223,1.0,18
IND441904AAB,IND441912AAA,Carting,1.9746101891935224,10.525572222222221,0.8888888888888888,36
IND441912AAA,IND441107AAB,Carting,2.8203489187580093,10.40641,0.9545454545454546,110
IND442001AAA,IND442101AAB,FTL,3.62967032967033,17.82036,1.0,5
IND442101AAB,IND445001AAB,FTL,3.505331167554741,17.834194285714286,0.8571428571428571,35
IND442605AAA,IND441603AAA,Carting,1.8385822510822512,9.6432,0.9,10
IND443201AAA,IND000000AAZ,FTL,6.25,23.79,1.0,1
IND443301AAA,IND443201AAA,FTL,2.744714349977508,22.2832,1.0,4
IND444005AAB,IND000000AAZ,FTL,3.260021640763329,36.23778,1.0,5
IND444005AAB,IND421302AAG,FTL,2.2228049859328882,27.28877971360382,0.9832935560859188,419
IND444005AAB,IND443301AAA,FTL,2.3141384349686485,27.8781,1.0,20
IND444203AAA,IND444005AAB,FTL,2.5033664651631407,25.19745,1.0,10
IND444303AAA,IND444203AAA,FTL,3.242424242424242,16.9471,1.0,2
IND444602AAA,IND444005AAB,FTL,2.1874012620188923,24.182724999999998,1.0,84
IND445101AAA,IND440014AAA,Carting,2.3981481481481484,15.211866666666667,0.6666666666666666,3
IND450331AAA,IND452001AAC,Carting,2.4651651247303423,9.605058260869566,0.9652173913043478,115
IND451666AAA,IND421302AAG,FTL,2.5175169303714693,25.95534193548387,0.9032258064516129,31
IND451666AAA,IND424006AAA,FTL,2.6502004091110125,22.503977499999998,1.0,40
IND452001AAC,IND425201AAA,Carting,36.479497354497354,7.898985185185186,0.8148148148148148,27
IND452001AAC,IND425508AAB,Carting,2.192285954785955,10.252825,1.0,12
IND454001AAA,IND457001AAA,FTL,1.155258960871757,27.430972058823528,0.39705882352941174,68
IND457001AAA,IND382430AAB,FTL,1.784837555654772,34.04406111111111,0.8333333333333334,36
IND457001AAA,IND457226AAA,FTL,1.1696815603805735,20.3188125,0.3125,32
IND457226AAA,IND382430AAB,FTL,1.6285649841703163,32.90444615384615,0.8413461538461539,208
IND458001AAB,IND458990AAA,FTL,2.7767964084663688,15.516145454545454,0.7727272727272727,22
IND458664AAA,IND312403AAA,FTL,3.077949009440606,27.2424,1.0,14
IND458990AAA,IND312605AAB,FTL,2.1057985258952274,20.766656666666666,0.9666666666666667,30
IND460001AAA,IND480334AAA,FTL,1.9229305877525538,31.900066666666664,0.8095238095238095,84
IND461001AAA,IND461111AAA,FTL,4.785714285714286,21.1863,1.0,1
IND461111AAA,IND460001AAA,FTL,1.9345593096731792,21.5242025,1.0,80
IND462001AAA,IND462022AAA,Carting,5.692144016697588,7.800762499999999,0.9821428571428571,56
IND462011AAA,IND462022AAA,Carting,2.0367132867132867,7.12308,0.7,20
IND462021AAA,IND462001AAA,Carting,3.3636363636363638,5.8512,0.5,2
IND462022AAA,IND000000ACB,FTL,1.5204957007724682,33.187432789317505,0.5341246290801187,674
IND462022AAA,IND209304AAA,FTL,2.08536558934466,28.626042095238095,0.9257142857142857,525
IND462022AAA,IND461001AAA,FTL,2.8726623376623377,23.947400000000002,1.0,15
IND462022AAA,IND462001AAA,Carting,3.998148148148148,7.215583333333332,1.0,6
IND462022AAA,IND462011AAA,Carting,2.136918636918637,7.860775510204082,0.6326530612244898,49
IND462022AAA,IND462042AAA,Carting,2.427083333333333,10.230875000000001,0.75,4
IND462022AAA,IND465669AAB,FTL,2.6224001462559814,24.862597435897435,1.0,39
IND462022AAA,IND466001AAA,FTL,2.6983088794575907,19.331516666666666,0.7857142857142857,42
IND462022AAA,IND842003AAB,FTL,2.1478763843392357,28.569877083333335,0.9583333333333334,96
IND462042AAA,IND462022AAA,Carting,5.581633644133644,9.745358823529411,1.0,34
IND464001AAA,IND464221AAA,FTL,2.677139037433155,45.6751,0.5,2
IND464221AAA,IND470004AAA,FTL,4.274177170868347,37.535,0.8,5
IND464668AAA,IND462022AAA,FTL,2.469158817373103,30.2022875,1.0,8
IND465001AAA,IND462022AAA,FTL,1.6862706893307722,34.25005,0.5416666666666666,24
IND465001AAA,IND465333A1B,FTL,0.6967834631071561,61.580066666666674,0.0,3
IND465001AAA,IND465333AAA,FTL,1.1493362061725498,43.00578333333333,0.3333333333333333,6
IND465333A1B,IND462022AAA,FTL,1.2888257575757576,27.470575,0.5,4
IND465333A1B,IND465333AAA,FTL,0.3194444444444444,29.12675,0.0,2
IND465333AAA,IND462022AAA,FTL,1.9257157432561105,28.675933333333333,0.75,12
IND465669AAB,IND465683AAA,FTL,1.5464318257500076,19.740195454545454,0.9090909090909091,22
IND465683AAA,IND465001AAA,FTL,1.6807681131886818,18.419266666666665,0.9230769230769231,39
IND466001AAA,IND466116AAA,FTL,1.795832794656324,21.62473333333333,0.9333333333333333,30
IND466116AAA,IND462022AAA,FTL,2.400530822762892,30.178038636363635,0.9545454545454546,44
IND470004AAA,IND462022AAA,FTL,2.004434162328899,26.02864285714286,1.0,7
IND470004AAA,IND470113AAA,FTL,2.2381503697970415,20.762825,1.0,8
IND470004AAA,IND470117AAA,FTL,2.479901960784314,19.7684,1.0,3
IND470004AAA,IND473443AAA,FTL,2.4039639192320426,31.808460000000004,1.0,10
IND470113AAA,IND470117AAA,FTL,2.5142857142857142,20.7331,1.0,2
IND470113AAA,IND470227AAB,FTL,1.3419754185366937,43.396339999999995,0.8,5
IND470117AAA,IND470227AAB,FTL,1.689431012660511,43.48748750000001,0.75,24
IND471001AAA,IND472001AAA,FTL,1.7059244445838648,24.145875,1.0,36
IND472001AAA,IND474003AAA,FTL,2.4155273085385853,31.74504814814815,0.8518518518518519,27
IND472001AAA,IND485001AAC,FTL,2.629580014989096,25.008306451612903,0.9870967741935484,155
IND473001AAA,IND473331AAA,FTL,2.11215272975881,21.57103181818182,1.0,22
IND473226AAA,IND473001AAA,FTL,1.7482616185536095,16.15239,0.8,20
IND473226AAA,IND474003AAA,FTL,1.7528904749802416,27.86746741573034,0.48314606741573035,89
IND473331AAA,IND473226AAA,FTL,4.920375565706077,37.38156571428571,0.9428571428571428,35
IND473443AAA,IND470113AAA,FTL,1.809872354738997,37.45494285714285,1.0,14
IND474003AAA,IND000000ACB,FTL,1.4101225609782402,34.65954340836013,0.6334405144694534,311
IND474003AAA,IND328001AAA,FTL,1.4351322751322753,20.56553333333333,0.6666666666666666,3
IND474003AAA,IND473551AAA,FTL,1.56991822991823,23.53684,0.4,5
IND474003AAA,IND475661AAB,FTL,2.335599415204678,27.170775,1.0,4
IND474003AAA,IND476001AAA,FTL,1.75987012987013,17.70645,1.0,6
IND474003AAA,IND476111AAA,FTL,2.9148527197440246,24.50651304347826,1.0,23
IND476001AAA,IND476111AAA,FTL,2.34375,17.32505,1.0,2
IND476111AAA,IND477001AAA,FTL,1.8895864726441967,21.440594444444443,0.8888888888888888,18
IND476111AAA,IND477001AAB,FTL,2.2326685660018994,22.277966666666668,1.0,6
IND477001AAA,IND474003AAA,FTL,5.1912796697626415,19.021,1.0,4
IND477001AAB,IND474003AAA,FTL,5.410019842627732,29.06763448275862,0.9310344827586207,29
IND480001AAA,IND480661AAA,FTL,1.7477423526765632,24.176263333333335,0.9333333333333333,30
IND480001AAA,IND481661AAA,FTL,1.7779303008579324,25.512775,0.625,16
IND480334AAA,IND480106AAA,FTL,1.5666534174333844,19.496138095238095,0.9523809523809523,42
IND480661AAA,IND480001AAA,FTL,1.8774689362924655,24.828116666666663,1.0,6
IND480661AAA,IND481661AAA,FTL,1.507475411392207,26.580111111111112,0.6666666666666666,27
IND480886AAA,IND480001AAA,FTL,1.2936294641011332,30.756764285714286,0.5357142857142857,28
IND480886AAA,IND480661AAA,FTL,1.5280610342529848,22.2127,1.0,6
IND481661AAA,IND842003AAB,FTL,2.636228119285042,49.501921875,0.65625,32
IND482002AAA,IND842003AAB,Carting,11.334821428571429,8.4439,1.0,4
IND483225AAA,IND483501AAA,FTL,1.8262371615312791,22.680333333333333,0.8333333333333334,6
IND483501AAA,IND483770AAA,FTL,1.7956975889935216,22.617185714285714,0.8571428571428571,7
IND483770AAA,IND842003AAB,FTL,2.704019478161635,21.989816666666666,0.9166666666666666,12
IND484001AAA,IND484224AAA,FTL,1.3196937113066145,28.65064,0.8,5
IND484001AAA,IND484446AAA,FTL,1.6507766361943592,29.2366125,0.5,16
IND484224AAA,IND484446AAA,FTL,0.9750000000000001,33.5742,0.0,2
IND484446AAA,IND842003AAB,FTL,1.5613798488975403,32.17724666666667,0.4,30
IND484551AAA,IND484001AAA,FTL,2.0,18.72805,1.0,2
IND484661AAE,IND484001AAA,FTL,2.6025883838383836,21.8686,1.0,6
IND484661AAE,IND484551AAA,FTL,3.125,15.2151,1.0,2
IND485001AAC,IND471001AAA,FTL,2.242016177923992,20.55415,1.0,56
IND485001AAC,IND485771AAA,FTL,4.621212121212121,25.91164,1.0,5
IND485001AAC,IND486001AAA,FTL,5.15010634592678,29.71975,1.0,6
IND485001AAC,IND486771AAA,FTL,4.284989652127811,32.864132,0.92,25
IND485001AAC,IND488001AAA,FTL,2.1299836601307187,19.05326666666667,1.0,12
IND485771AAA,IND486001AAA,FTL,2.151875901875902,21.499966666666666,1.0,3
IND485771AAA,IND486771AAA,FTL,3.206107843137255,23.89842,0.8,5
IND486001AAA,IND486771AAA,FTL,2.0203518907563023,31.650525,0.75,4
IND486661AAA,IND211002AAB,FTL,3.6782516495255724,64.0368380952381,1.0,21
IND486771AAA,IND486661AAA,FTL,1.9128968253968255,26.237033333333333,1.0,6
IND486886AAA,IND486889AAA,FTL,2.5743537414965987,24.6264,1.0,7
IND486889AAA,IND231205AAA,FTL,1.8404363332428624,28.769425,0.9166666666666666,12
IND486889AAA,IND231216AAA,FTL,2.630353373227769,36.77538888888889,1.0,9
IND487001AAA,IND487551AAA,FTL,1.3605655938264634,24.6892875,0.875,8
IND487001AAB,IND487551AAA,FTL,1.626289983164983,25.54695,1.0,8
IND487551AAA,IND464668AAA,FTL,1.739974426379778,30.561133333333334,0.8095238095238095,21
IND488001AAA,IND471001AAA,FTL,2.2297273160276254,22.374966666666666,1.0,12
IND491001AAA,IND494334AAB,FTL,1.36533682983683,26.512759999999997,0.6,5
IND492001AAB,IND492007AAA,Carting,3.029166666666667,11.912700000000001,1.0,8
IND493118AAC,IND495334AAB,Carting,1.4747980722980722,9.838005,0.8666666666666667,60
IND493445AAB,IND490023AAA,FTL,14.40983606557377,86.438,1.0,1
IND494334AAB,IND493445AAB,FTL,1.7441560244253873,30.611092424242425,0.7727272727272727,66
IND495004AAA,IND495671AAA,FTL,6.587761674718197,20.522133333333333,1.0,3
IND495334AAB,IND491995AAB,Carting,1.0238424896836753,16.678681355932202,0.3220338983050847,59
IND495677AAA,IND496001AAA,FTL,2.2133894731939723,38.965525925925924,0.8148148148148148,27
IND500008AAC,IND500084AAB,Carting,3.7333333333333334,6.940049999999999,1.0,2
IND500008AAC,IND501359AAE,Carting,4.724887542409282,13.195632,0.88,25
IND500008AAD,IND501359AAE,Carting,3.9865317674528202,13.028933333333335,0.9166666666666666,12
IND500008AAF,IND500039AAC,Carting,2.9698222829801777,9.572865789473683,1.0,38
IND500010AAA,IND500055AAA,Carting,1.8235294117647058,15.9111,1.0,1
IND500010AAA,IND501359AAE,Carting,3.1243288560990425,13.54278857142857,0.8285714285714286,35
IND500010AAA,IND501401AAC,Carting,3.8,20.0311,1.0,1
IND500010AAB,IND501359AAE,Carting,2.5393527962521567,14.877272571428572,0.96,175
IND500018AAA,IND500080AAB,Carting,2.5180555555555557,9.848799999999999,0.6666666666666666,6
IND500032AAA,IND502295AAA,Carting,1.9763558201058202,9.817725,1.0,12
IND500035AAA,IND500039AAC,Carting,2.0681818181818183,6.844099999999999,1.0,2
IND500039AAB,IND501301AAC,Carting,3.0,6.5390250000000005,1.0,4
IND500039AAC,IND500035AAA,Carting,2.8230769230769233,9.0117,1.0,3
IND500039AAC,IND500035AAD,Carting,3.058138290281147,7.811742857142858,0.7857142857142857,14
IND500039AAC,IND501359AAE,Carting,4.305370040012897,15.578114285714287,0.9142857142857143,35
IND500039AAC,IND508116AAA,FTL,2.2393972888599585,19.29213846153846,1.0,26
IND500039AAD,IND501359AAE,Carting,1.998842412615037,12.698992307692306,0.7692307692307693,26
IND500050AAA,IND501218AAC,Carting,3.792018424716372,18.298218181818182,0.9090909090909091,11
IND500050AAA,IND501359AAE,Carting,3.3611076603311427,11.270462318840579,0.8840579710144928,69
IND500055AAA,IND500010AAA,Carting,2.933333333333333,12.4969,1.0,1
IND500055AAA,IND501401AAC,Carting,2.1875,10.114450000000001,1.0,2
IND500055AAC,IND501401AAC,Carting,2.8552521008403358,7.918064705882353,0.9705882352941176,34
IND500080AAB,IND501359AAE,Carting,3.772527965878729,10.248760655737705,0.9180327868852459,61
IND501101AAB,IND501359AAE,Carting,1.7100529100529103,12.024099999999999,0.8333333333333334,6
IND501101AAB,IND509216AAC,Carting,1.4584200603318251,11.859528000000001,0.6,25
IND501141AAA,IND501101AAB,Carting,1.6412605450105449,9.83841,0.9,20
IND501301AAC,IND500039AAC,Carting,2.7249999999999996,7.4430250000000004,1.0,4
IND501359AAE,IND000000ACB,FTL,2.016068362839712,30.514632142857145,0.875,56
IND501359AAE,IND411033AAA,FTL,2.0074143145575265,27.17224375,0.8833333333333333,480
IND501359AAE,IND413002AAA,FTL,3.2515686733627525,26.4874,0.8897058823529411,136
IND501359AAE,IND462022AAA,FTL,2.0114883628542604,30.601567589576547,0.8859934853420195,614
IND501359AAE,IND500008AAC,Carting,1.6484172244612747,13.542150000000001,1.0,38
IND501359AAE,IND500010AAA,Carting,1.6387776469246678,14.400933333333333,0.7916666666666666,48
IND501359AAE,IND500010AAB,Carting,2.2645159846414358,17.973030769230768,0.9440559440559441,143
IND501359AAE,IND500039AAC,Carting,1.7689788326151963,12.312157575757576,0.9090909090909091,33
IND501359AAE,IND500039AAD,Carting,2.171697420226832,13.40927222222222,0.9444444444444444,18
IND501359AAE,IND500050AAA,Carting,3.534164050235479,9.067342857142858,0.8428571428571429,70
IND501359AAE,IND500080AAB,Carting,2.0044826985589204,10.776233802816902,0.7605633802816901,71
IND501359AAE,IND501141AAA,Carting,1.5692646936396937,10.96952375,0.8125,80
IND501359AAE,IND501218AAC,Carting,6.756578947368421,16.7269,1.0,2
IND501359AAE,IND503111AAC,FTL,1.43222746961593,28.520916666666665,0.9166666666666666,12
IND501359AAE,IND505001AAB,FTL,1.3176356413842112,26.00806875,0.625,16
IND501359AAE,IND506002AAA,FTL,1.836142082650208,25.650787272727275,0.9818181818181818,110
IND501359AAE,IND508252AAB,FTL,2.274765611851533,23.26809523809524,1.0,21
IND501359AAE,IND509001AAA,FTL,1.8272965357977295,20.542792647058825,0.8529411764705882,68
IND501359AAE,IND509358AAA,FTL,2.1797215231903815,18.294867647058823,0.9411764705882353,34
IND501359AAE,IND515004AAA,FTL,1.6608617869535514,26.99617222222222,0.8492063492063492,126
IND501359AAE,IND518002AAA,FTL,1.7872699711704774,26.654413385826775,0.8818897637795275,127
IND501359AAE,IND523002AAA,FTL,1.5604695980427385,36.48641678321678,0.7552447552447552,143
IND501359AAE,IND533106AAA,FTL,2.219995908190919,25.279525000000003,0.9754901960784313,204
IND501359AAE,IND562132AAA,FTL,1.5853626250050445,26.60807,0.8727272727272727,110
IND501359AAE,IND585104AAA,FTL,1.603549304881658,31.42700359281437,0.8083832335329342,167
IND501359AAE,IND712311AAA,FTL,1.9525973200693654,27.386315454545457,0.9545454545454546,110
IND501359AAE,IND751002AAB,FTL,2.052345209850516,27.90507194719472,0.9834983498349835,303
IND501359AAG,IND000000ACN,Carting,2.983138200183655,12.34615909090909,1.0,22
IND501401AAC,IND500010AAA,Carting,5.401716669573813,9.992080952380952,0.6666666666666666,21
IND502110AAA,IND502313AAA,FTL,1.5049409114912549,19.833634210526316,0.7105263157894737,38
IND502220AAC,IND501359AAE,FTL,1.3868629383304083,38.515007272727274,0.6272727272727273,110
IND502286AAB,IND502220AAC,FTL,1.836508841637245,31.549045652173913,0.9347826086956522,46
IND502295AAA,IND500050AAA,Carting,1.8933455433455433,8.439857142857143,0.8571428571428571,7
IND502313AAA,IND503111AAC,FTL,1.7324332072010091,28.60797777777778,1.0,18
IND503111AAC,IND501359AAE,FTL,1.8508319331425986,30.841533333333334,0.8589743589743589,78
IND503111AAC,IND503185AAA,FTL,1.7290338929682634,28.720418333333335,0.95,60
IND503111AAC,IND505001AAB,FTL,1.3946464646464647,24.286725,1.0,4
IND503122AAA,IND502110AAA,FTL,1.9272147650848013,20.08793157894737,1.0,38
IND503185AAA,IND503187AAA,FTL,2.1350660495111295,16.04322894736842,0.9736842105263158,38
IND503187AAA,IND503122AAA,FTL,2.4734800724637678,14.37551,0.95,40
IND504201AAA,IND505001AAB,FTL,2.17296918767507,25.106325,1.0,4
IND504201AAA,IND505184AAC,FTL,1.3833142213873133,31.245330000000003,0.6,10
IND504208AAB,IND504251AAA,FTL,1.7894736842105263,21.5952,1.0,1
IND504208AAB,IND505001AAB,FTL,2.0319839166890934,29.70776111111111,0.8888888888888888,18
IND504215AAA,IND505001AAB,FTL,2.0760216743322397,21.742373333333333,0.8888888888888888,45
IND504215AAA,IND505326AAB,FTL,3.266666666666667,21.5432,1.0,3
IND504251AAA,IND504293AAA,FTL,2.091106719367589,20.111025,0.75,4
IND504251AAA,IND504296AAA,FTL,1.4665103415103415,19.901300000000003,0.5,6
IND504293AAA,IND504208AAB,FTL,1.396933621933622,20.209783333333334,0.6666666666666666,6
IND504293AAA,IND505001AAB,FTL,1.9462540693804786,29.63232857142857,0.9714285714285714,35
IND504296AAA,IND504208AAB,FTL,1.2239130434782608,19.9481,0.6666666666666666,3
IND504296AAA,IND504293AAA,FTL,1.1,25.6401,0.0,2
IND504296AAA,IND505001AAB,FTL,1.6753200204813108,28.5856,0.8,5
IND505001AAA,IND505302AAB,FTL,2.5128147235905853,17.188161111111114,0.8333333333333334,18
IND505001AAA,IND505327AAA,FTL,1.6295454545454546,23.3089,1.0,2
IND505001AAB,IND501359AAE,FTL,1.968532560147467,30.043599999999998,0.8571428571428571,7
IND505001AAB,IND503111AAC,FTL,1.391697840203275,24.6161625,0.625,8
IND505001AAB,IND504208AAB,FTL,1.7067992401356873,27.693508823529413,1.0,34
IND505001AAB,IND504251AAA,FTL,2.3953598484848486,27.432175,1.0,4
IND505001AAB,IND505172AAA,FTL,1.9722222222222223,17.0741,1.0,2
IND505001AAB,IND505184AAC,FTL,3.0282186948853616,23.099044444444445,1.0,9
IND505001AAB,IND505209AAA,FTL,3.7875758171423803,21.146752380952382,0.9523809523809523,21
IND505001AAB,IND505302AAB,FTL,2.62906746031746,17.437825,0.625,8
IND505122AAA,IND506002AAA,FTL,3.753710418865177,26.77166206896552,1.0,29
IND505184AAC,IND505001AAB,FTL,2.3150349642768244,23.067355555555555,1.0,27
IND505184AAC,IND505209AAA,FTL,0.8941375968992248,22.036949999999997,0.0,2
IND505209AAA,IND504201AAA,FTL,2.1120238095238095,19.24455,0.8,10
IND505209AAA,IND505001AAB,FTL,2.747238466536712,21.307277777777777,0.8888888888888888,9
IND505302AAB,IND505325AAA,FTL,0.9602546038808553,19.872706666666666,0.13333333333333333,15
IND505302AAB,IND505326AAB,FTL,1.2431752873563218,25.544787499999998,0.375,8
IND505302AAB,IND505327AAA,FTL,2.0894607843137254,19.11715,1.0,2
IND505325AAA,IND505327AAA,FTL,2.259041394335512,18.74728888888889,1.0,9
IND505326AAA,IND505425AAA,FTL,2.78921568627451,24.6496,1.0,2
IND505326AAB,IND505001AAB,FTL,4.389830508474576,63.4686,1.0,1
IND505326AAB,IND505327AAA,FTL,2.533333333333333,16.4862,1.0,2
IND505326AAB,IND505425AAA,FTL,0.8157894736842105,13.7859,0.5,2
IND505327AAA,IND505425AAA,FTL,3.7162500477773954,18.094166666666666,0.9444444444444444,18
IND505425AAA,IND504215AAA,FTL,3.4166666666666665,18.1203,1.0,1
IND505425AAA,IND505001AAB,FTL,1.8650075414781295,23.5876,1.0,3
IND505467AAA,IND505122AAA,FTL,1.787352446873238,25.46025,1.0,26
IND505503AAA,IND506164AAA,FTL,2.4505173189383718,18.443933333333334,1.0,3
IND506001AAC,IND505122AAA,FTL,2.911706349206349,20.902124999999998,1.0,4
IND506001AAC,IND505467AAA,FTL,1.7532153743692205,20.64585,0.9615384615384616,26
IND506002AAA,IND506132AAA,FTL,1.4713597374847374,18.215345,0.5,40
IND506002AAA,IND506143AAA,FTL,1.9635188389081122,14.686641176470587,1.0,34
IND506002AAA,IND506343AAA,FTL,1.6013071895424837,24.660425,1.0,4
IND506132AAA,IND122001AAJ,FTL,1.9323842728418141,24.537781578947367,0.9736842105263158,38
IND506143AAA,IND506167AAB,FTL,2.234264705882353,16.001459999999998,0.96,25
IND506167AAB,IND501359AAE,FTL,2.7693273576325943,25.159575,1.0,76
IND506169AAB,IND505503AAA,FTL,1.0625,11.7497,0.5,2
IND506314AAA,IND506002AAA,FTL,4.709412464692703,18.896393103448275,0.9655172413793104,29
IND506343AAA,IND506169AAB,FTL,1.1888888888888889,20.9997,0.5,4
IND507002AAA,IND507117AAB,FTL,1.4866666666666668,27.11316,0.4,5
IND507002AAA,IND507159AAA,FTL,2.0891884531590414,22.804133333333336,1.0,3
IND507002AAA,IND507167AAA,FTL,2.9401114317780985,15.970744444444446,1.0,18
IND507002AAA,IND508001AAA,FTL,2.391549953314659,23.0681,1.0,5
IND507002AAA,IND508206AAA,FTL,2.9409875627754882,19.257270833333333,1.0,24
IND507002AAA,IND508207AAB,FTL,1.9558130159958722,23.06195,1.0,8
IND507002AAA,IND508213AAB,FTL,1.8368537832464191,21.162880952380952,0.9761904761904762,42
IND507111AAA,IND507117AAB,FTL,1.9251598687353837,17.79136052631579,0.9473684210526315,38
IND507111AAA,IND507303AAA,FTL,1.359887697169609,32.331133333333334,0.3333333333333333,3
IND507117AAB,IND507303AAA,FTL,1.7053504390637428,28.956419444444446,0.6111111111111112,72
IND507123AAA,IND506314AAA,FTL,1.308337155073287,24.361033333333335,0.5416666666666666,48
IND507159AAA,IND507002AAA,FTL,8.854284407542922,23.346572727272726,0.9090909090909091,11
IND507159AAA,IND508206AAA,FTL,1.0747168597168597,20.38812,0.4,10
IND507303AAA,IND507002AAA,FTL,2.9670003576479322,19.435845833333335,1.0,72
IND508001AAA,IND501359AAE,FTL,1.8260151344013091,23.280632857142855,0.9571428571428572,70
IND508116AAA,IND508223AAA,FTL,1.2404847243556922,23.28503333333333,0.6666666666666666,3
IND508116AAA,IND508277AAB,FTL,1.0971544455614004,21.646732142857143,0.17857142857142858,28
IND508206AAA,IND507002AAA,FTL,1.93125,18.22145,1.0,4
IND508206AAA,IND507159AAA,FTL,1.9017305927853738,25.163482608695652,0.7391304347826086,23
IND508206AAA,IND508207AAB,FTL,2.8732917409387997,18.214972727272727,0.7272727272727273,11
IND508207AAB,IND507002AAA,FTL,3.0993575851393187,22.294565,1.0,20
IND508207AAB,IND508206AAA,FTL,1.8356481481481481,16.6183,0.6666666666666666,3
IND508207AAB,IND521225AAB,FTL,1.9240057266811625,26.86469333333333,0.9833333333333333,60
IND508213AAB,IND508001AAA,FTL,1.9038200153883384,25.701810714285717,1.0,28
IND508223AAA,IND500039AAC,FTL,1.8622905806299384,22.651360294117648,0.8088235294117647,68
IND508248AAB,IND508377AAB,FTL,1.7400916506953659,19.228834210526315,0.868421052631579,38
IND508252AAB,IND508207AAB,FTL,1.316776497955504,34.82771666666667,0.5416666666666666,24
IND508277AAB,IND508223AAA,FTL,1.316125783262215,23.671733333333336,0.9166666666666666,12
IND508377AAB,IND501359AAE,FTL,1.8513891305219325,30.706585964912282,0.6666666666666666,57
IND509001AAA,IND509203AAA,FTL,1.7087163408673707,19.021602631578947,0.868421052631579,38
IND509103AAB,IND509103AAC,FTL,1.9411764705882353,18.9512,1.0,1
IND509103AAB,IND518002AAA,FTL,3.084227723840129,25.502196296296297,0.9629629629629629,27
IND509103AAC,IND518002AAA,FTL,2.2534209534840013,26.062164705882353,1.0,17
IND509124AAA,IND509103AAB,FTL,1.987968586424469,22.840094444444443,1.0,18
IND509124AAA,IND509103AAC,FTL,1.5450785427807487,22.4975125,0.875,8
IND509124AAA,IND518002AAA,FTL,2.971380471380471,27.84613333333333,1.0,3
IND509124AAA,IND584101AAA,FTL,1.7427375201288244,17.25855,1.0,6
IND509203AAA,IND509301AAA,FTL,1.6768722696068235,14.220776315789474,0.9473684210526315,38
IND509216AAC,IND501359AAE,Carting,1.6571133412042505,10.005181818181818,0.6818181818181818,22
IND509216AAC,IND501359AAE,FTL,2.454578392621871,15.74063,1.0,10
IND509301AAA,IND501359AAE,FTL,1.9221553777649099,22.26218095238095,0.8571428571428571,42
IND509301AAA,IND509216AAC,FTL,2.483841684822077,17.830177777777777,1.0,9
IND509324AAA,IND508248AAB,FTL,1.8464328808446457,19.13447,0.8,20
IND509358AAA,IND508248AAB,FTL,2.1651775988173045,28.794808333333332,1.0,24
IND509358AAA,IND509324AAA,FTL,1.9631598058326647,18.819211111111112,0.9444444444444444,18
IND515004AAA,IND501359AAE,FTL,1.8039571359867377,24.41087046413502,0.9704641350210971,237
IND515004AAA,IND515401AAB,FTL,2.1415345327861264,18.253735294117647,0.8627450980392157,51
IND515004AAA,IND515411AAA,FTL,2.645658263305322,19.189333333333334,1.0,6
IND515004AAA,IND515671AAA,FTL,3.3334126984126984,19.924646153846155,1.0,26
IND515004AAA,IND515801AAA,FTL,2.254372024846163,26.721466666666668,1.0,6
IND515004AAA,IND562132AAA,FTL,1.3505312606684017,25.134638888888887,0.7638888888888888,72
IND515134AAA,IND515201AAA,Carting,1.757983467150134,10.520472222222223,0.9777777777777777,90
IND515134AAA,IND515591AAA,FTL,1.655081459934401,22.7663,1.0,16
IND515201AAA,IND515134AAA,Carting,2.9541237149789783,10.427186666666667,0.9,30
IND515201AAA,IND515301AAA,Carting,2.960808767951625,10.354830952380953,1.0,42
IND515301AAA,IND561202AAB,Carting,1.972348484848485,8.714921875,1.0,32
IND515401AAB,IND515801AAA,FTL,2.8271802054154995,15.420382857142856,1.0,35
IND515411AAA,IND516360AAB,FTL,1.871771967318952,28.602083333333336,1.0,6
IND515591AAA,IND516269AAA,FTL,1.7277183296006826,23.614106666666668,1.0,30
IND515671AAA,IND515134AAA,FTL,1.6567721035227667,18.282015384615384,1.0,26
IND515671AAA,IND515591AAA,FTL,1.9917881682587566,25.855900000000002,1.0,3
IND515761AAA,IND515004AAA,FTL,1.9015062676961991,19.397294736842106,0.9649122807017544,57
IND515801AAA,IND515761AAA,FTL,1.9074725274725275,29.3098,1.0,4
IND515801AAA,IND515865AAB,FTL,1.5756103259528462,23.00134166666667,0.8333333333333334,72
IND515865AAB,IND515761AAA,FTL,1.8716830794004709,20.00226388888889,1.0,36
IND516001AAA,IND516227AAA,FTL,1.7240993788819876,26.804924999999997,0.75,4
IND516101AAA,IND516115AAA,Carting,3.4066908212560385,9.170305714285716,0.9857142857142858,70
IND516115AAA,IND517501AAB,Carting,2.571180274694548,11.198588235294118,0.9926470588235294,136
IND516227AAA,IND515004AAA,FTL,2.144242344376292,24.45760625,1.0,16
IND516269AAA,IND516390AAA,FTL,1.8028729280724567,21.365855932203388,0.9322033898305084,59
IND516360AAB,IND516001AAA,FTL,1.557029926595144,27.163275,1.0,4
IND516390AAA,IND515004AAA,FTL,1.8841369009888325,24.609295,0.9833333333333333,60
IND517325AAA,IND517408AAA,FTL,1.078125,23.32935,0.5,2
IND517501AAB,IND517583AAA,Carting,2.2149553175868966,11.476129824561404,1.0,57
IND517501AAB,IND517644AAA,FTL,2.4887395955652534,20.033378125,1.0,32
IND517583AAA,IND516101AAA,Carting,2.292750186011905,10.0400609375,0.9921875,128
IND517644AAA,IND524132AAA,FTL,2.136983144134847,22.288206666666667,1.0,30
IND518002AAA,IND501359AAE,FTL,1.9528044812476495,25.032592708333336,0.9895833333333334,96
IND518002AAA,IND509103AAB,FTL,2.051709709954847,47.398025000000004,1.0,8
IND518002AAA,IND509124AAA,FTL,1.5547973516400018,30.316955555555555,0.8888888888888888,9
IND518002AAA,IND518206AAA,FTL,13.127076411960132,46.91355,1.0,2
IND518002AAA,IND518401AAA,FTL,2.141694989792816,15.961438461538462,1.0,26
IND518002AAA,IND518501AAA,FTL,1.5388436038095858,24.98427962962963,0.8518518518518519,54
IND518002AAA,IND562132AAA,FTL,1.4384864863994211,26.461954838709676,0.7419354838709677,155
IND518002AAA,IND584101AAA,FTL,1.6175184078162765,28.418201818181817,0.9090909090909091,55
IND518102AAA,IND518002AAA,FTL,2.4479701177982665,32.02467532467533,0.8441558441558441,77
IND518124AAA,IND518002AAA,FTL,1.5655780706931601,26.7527,1.0,3
IND518124AAA,IND518206AAA,FTL,1.6928571428571428,19.414816666666667,1.0,6
IND518206AAA,IND518002AAA,FTL,1.5533625730994152,28.935533333333336,1.0,3
IND518206AAA,IND518222AAA,FTL,1.840079365079365,17.9688125,0.625,8
IND518222AAA,IND518002AAA,FTL,1.5231175979163596,18.735186666666667,0.6666666666666666,15
IND518401AAA,IND518422AAB,FTL,2.0311481829573936,17.5195875,1.0,24
IND518422AAB,IND518102AAA,FTL,2.047187278024216,54.159839285714284,1.0,28
IND518501AAA,IND518124AAA,FTL,1.8163902532387408,21.986876666666667,0.9666666666666667,30
IND520011AAA,IND521185AAA,Carting,2.111285473785474,10.13377619047619,0.9047619047619048,42
IND521001AAA,IND521165AAA,FTL,1.8885551296542007,18.360016666666667,1.0,6
IND521001AAA,IND521225AAB,FTL,2.2385117322291235,24.641606666666668,1.0,15
IND521105AAA,IND521333AAA,FTL,2.2920750376299948,27.6088125,1.0,8
IND521105AAA,IND534001AAA,FTL,1.929738562091503,18.275825,1.0,4
IND521165AAA,IND521225AAB,FTL,5.842482517482518,25.66085,1.0,4
IND521185AAA,IND520011AAA,Carting,1.7241379310344827,41.8469,1.0,1
IND521185AAA,IND521225AAB,Carting,2.2457141189809255,10.138307142857142,0.7857142857142857,42
IND521201AAA,IND521105AAA,FTL,1.7759170653907497,21.794633333333334,1.0,3
IND521225AAB,IND501359AAE,FTL,1.8219327936928202,27.16783106060606,0.9090909090909091,132
IND521225AAB,IND507002AAA,FTL,2.1899820560271004,32.082867164179106,0.7014925373134329,67
IND521225AAB,IND521001AAA,FTL,1.7322811447811448,23.20555,0.75,4
IND521225AAB,IND521165AAA,FTL,2.9714673913043477,42.7986,1.0,2
IND521225AAB,IND521185AAA,Carting,1.857142857142857,9.910016666666666,1.0,6
IND521225AAB,IND521201AAA,FTL,1.908932592980212,26.50922380952381,0.9523809523809523,42
IND521225AAB,IND521301AAA,FTL,2.1128569178695464,24.14969210526316,1.0,38
IND521225AAB,IND523002AAA,FTL,1.9927401564914464,23.436933333333332,1.0,18
IND521301AAA,IND521001AAA,FTL,2.167089291857094,18.0712,0.9736842105263158,38
IND521333AAA,IND521225AAB,FTL,3.0485730566387175,23.705530612244896,0.7755102040816326,49
IND522647AAA,IND523201AAA,FTL,1.4317021318197316,21.25481052631579,0.7894736842105263,38
IND523002AAA,IND523105AAA,FTL,1.6025657751685147,42.190133333333335,1.0,3
IND523002AAA,IND523226AAA,FTL,1.8396686159844053,17.478033333333332,0.8333333333333334,6
IND523002AAA,IND523230AAA,FTL,1.6788939599873018,26.166496825396823,1.0,63
IND523002AAA,IND523316AAB,FTL,2.2698412698412698,23.382025,1.0,4
IND523002AAA,IND600056AAB,FTL,1.7062414965684587,28.265630496453902,0.8865248226950354,141
IND523105AAA,IND524201AAA,FTL,0.9855845700432606,22.68906052631579,0.10526315789473684,38
IND523201AAA,IND523002AAA,FTL,5.258552631578947,24.810866666666666,0.6666666666666666,3
IND523226AAA,IND523316AAB,FTL,1.8008059574916881,22.800943902439023,0.9512195121951219,41
IND523230AAA,IND523105AAA,FTL,1.37036368224493,15.814514035087718,0.6842105263157895,57
IND523316AAB,IND522647AAA,FTL,1.7676605730011303,25.72177142857143,1.0,42
IND524003AAA,IND501359AAE,FTL,1.6897518444229964,28.11217341772152,0.919831223628692,237
IND524101AAB,IND517501AAB,FTL,2.0880455081431197,24.030146875,0.984375,64
IND524132AAA,IND524101AAB,FTL,1.7850645429449779,19.822214285714285,1.0,28
IND524201AAA,IND523002AAA,FTL,1.3961009785529142,26.276170967741933,0.6129032258064516,62
IND530012AAA,IND501359AAE,FTL,2.038106175287602,25.87742194092827,0.9493670886075949,237
IND530012AAA,IND530043AAA,Carting,2.8332211313398608,12.311396153846154,0.9615384615384616,26
IND530012AAA,IND531001AAA,Carting,1.5174531024531026,9.021133333333333,0.7333333333333333,15
IND530012AAA,IND531036AAA,Carting,2.556168300653595,11.1524,0.75,4
IND530012AAA,IND531162AAA,Carting,1.7243141778856064,8.207121428571428,0.6428571428571429,14
IND530012AAA,IND532001AAB,Carting,1.8186475141020595,10.2489,0.9128787878787878,264
IND530012AAA,IND533106AAA,FTL,1.417193855537046,27.75494375,0.6875,16
IND530012AAA,IND535001AAA,Carting,2.599935064935065,18.563433333333332,0.9166666666666666,12
IND530012AAA,IND751002AAB,FTL,1.5144379520444475,25.194426315789475,0.8070175438596491,57
IND530012AAA,IND764001AAC,Carting,3.9257859947306315,13.603750980392157,0.8627450980392157,51
IND530012AAA,IND764020AAC,Carting,4.871820309320309,14.076813333333332,0.8666666666666667,15
IND530012AAC,IND501359AAE,FTL,2.2188893189414793,26.74546086956522,1.0,23
IND530012AAC,IND533106AAA,FTL,1.7287266591284103,25.5566125,0.84375,32
IND530018AAA,IND531162AAA,Carting,4.375,12.2135,1.0,1
IND530026AAA,IND531036AAA,Carting,2.291207837301587,11.02111875,1.0,16
IND530043AAA,IND530012AAA,Carting,8.4375,12.548850000000002,1.0,2
IND530043AAA,IND531163AAA,Carting,1.3494494394494394,7.6619399999999995,0.7714285714285715,35
IND531001AAA,IND530012AAA,Carting,8.636363636363637,24.7421,1.0,1
IND531001AAA,IND531116AAA,Carting,1.8972539682539682,8.585764000000001,0.88,25
IND531036AAA,IND530012AAA,Carting,2.2360993275515333,10.45363125,0.875,16
IND531116AAA,IND530012AAA,Carting,2.612520812520813,10.50415,0.8571428571428571,28
IND531116AAA,IND531001AAA,Carting,1.631818181818182,9.67196,0.8,5
IND531163AAA,IND535001AAA,Carting,2.296919746919747,8.804302564102564,1.0,39
IND532001AAB,IND530012AAA,Carting,2.1317954212293486,11.090723275862068,0.9741379310344828,232
IND532001AAB,IND532127AAA,FTL,2.6624947947152915,17.32607380952381,1.0,42
IND532001AAB,IND532201AAA,FTL,2.4583333333333335,19.2213,1.0,3
IND532001AAB,IND532421AAA,FTL,5.231500760448128,14.83541282051282,0.7435897435897436,39
IND532127AAA,IND535591AAA,FTL,2.753954088663824,16.507603225806452,0.9838709677419355,62
IND532201AAA,IND532222AAA,FTL,3.32245459250894,13.96679,0.95,40
IND532201AAA,IND761200AAA,FTL,1.2732558139534884,17.56485,0.5,2
IND532222AAA,IND532001AAB,FTL,1.5327616401251576,32.49355,1.0,4
IND532222AAA,IND761200AAA,FTL,0.8162261027400922,58.4695090909091,0.09090909090909091,22
IND532421AAA,IND532201AAA,FTL,3.2132769500343996,16.326171875,0.9375,32
IND532440AAA,IND532001AAB,FTL,1.6065498120805026,20.525755882352943,1.0,34
IND533003AAA,IND533106AAA,FTL,3.462927442927443,19.29157777777778,1.0,9
IND533003AAA,IND533401AAA,FTL,2.2222808002047767,21.00143703703704,1.0,54
IND533106AAA,IND501359AAE,FTL,2.460867017896109,24.916780882352942,1.0,136
IND533106AAA,IND530012AAA,FTL,1.70374208322965,23.877525000000002,0.9545454545454546,88
IND533106AAA,IND533003AAA,FTL,3.787962962962963,27.04955,1.0,6
IND533106AAA,IND533201AAA,FTL,5.567247893054344,61.2509,0.6666666666666666,3
IND533106AAA,IND533242AAA,FTL,2.6415303344304317,30.089366666666667,0.9166666666666666,12
IND533106AAA,IND533262AAA,FTL,2.721928132254219,26.605658333333334,0.9166666666666666,12
IND533106AAA,IND533308AAB,FTL,3.6422482254550568,28.04305882352941,0.9411764705882353,17
IND533106AAA,IND534260AAC,FTL,2.9876054664289957,22.774459999999998,0.8,15
IND533201AAA,IND533242AAA,FTL,2.373809523809524,21.0756,1.0,2
IND533201AAA,IND533262AAA,FTL,3.5346728307254622,23.209127777777777,0.9444444444444444,18
IND533242AAA,IND533201AAA,FTL,2.2476190476190476,21.0233,1.0,2
IND533262AAA,IND533106AAA,FTL,1.9014551788457317,26.793364285714286,1.0,14
IND533262AAA,IND533201AAA,FTL,2.0557720057720057,23.30094,1.0,10
IND533308AAB,IND533003AAA,FTL,1.5550603563103562,24.60797,0.8666666666666667,30
IND533308AAB,IND533106AAA,FTL,1.962962962962963,33.3582,1.0,1
IND533401AAA,IND533106AAA,FTL,2.2806525011568493,25.148664705882354,0.8970588235294118,68
IND533401AAA,IND533308AAB,FTL,2.439356295878035,31.438575,1.0,4
IND534001AAA,IND521225AAB,FTL,2.1481829573934834,21.256433333333334,1.0,3
IND534001AAA,IND521333AAA,FTL,1.9002452177452176,24.600964285714287,1.0,14
IND534260AAC,IND533106AAA,FTL,2.0028016641044704,22.855675,1.0,12
IND535001AAA,IND530012AAA,Carting,3.7367000306338545,12.155573333333333,0.9666666666666667,60
IND535501AAB,IND532001AAB,FTL,3.2864617691154425,22.188075,1.0,4
IND535501AAB,IND532440AAA,FTL,1.542988226466527,23.043444117647056,0.9705882352941176,34
IND535558AAA,IND535501AAB,FTL,2.370513363448146,12.8253375,0.85,40
IND535591AAA,IND535558AAA,FTL,2.273611111111111,18.980233333333334,1.0,3
IND560002AAA,IND560099AAB,Carting,2.625437211889418,9.420615000000002,0.65,40
IND560002AAA,IND562132AAA,Carting,2.228621993843682,11.977533846153847,0.7230769230769231,65
IND560027AAA,IND560099AAA,Carting,1.8787851037851038,13.9092,0.5714285714285714,7
IND560043AAC,IND560064AAA,Carting,1.3162534335063665,6.956611842105263,0.6052631578947368,76
IND560043AAC,IND560099AAB,Carting,1.6340289088944542,12.964640909090908,0.6363636363636364,66
IND560043AAC,IND562132AAA,Carting,2.285543237551415,11.332316666666665,0.7708333333333334,48
IND560048AAB,IND560099AAB,Carting,1.7228806439757107,11.778183823529412,0.5294117647058824,68
IND560048AAB,IND562132AAA,Carting,2.8561009819961227,9.895422058823529,0.8235294117647058,68
IND560058AAB,IND560060AAB,Carting,1.8038741004984322,7.860106818181818,0.7272727272727273,88
IND560058AAB,IND560099AAB,Carting,3.163859194619715,11.767453086419755,0.5061728395061729,81
IND560058AAB,IND562132AAA,Carting,2.081718692261594,7.262282142857143,0.6428571428571429,28
IND560058AAD,IND562132AAA,Carting,6.327889579935712,8.491274285714285,0.8285714285714286,70
IND560060AAB,IND560099AAB,Carting,1.3682109558241748,11.685993023255815,0.627906976744186,43
IND560060AAB,IND562132AAA,Carting,2.172577864353162,9.433247368421053,0.6842105263157895,57
IND560064AAD,IND560043AAC,Carting,2.35844795448454,7.634303658536584,0.8292682926829268,82
IND560067AAC,IND562114AAA,Carting,2.1024160524160527,6.995394594594595,0.5945945945945946,37
IND560077AAA,IND560099AAB,Carting,2.3100815850815852,12.378625,0.75,4
IND560078AAC,IND560099AAB,Carting,3.6200354619540667,11.153890697674418,0.7906976744186046,43
IND560078AAC,IND562132AAA,Carting,1.8010106616388604,12.332185714285714,0.5918367346938775,49
IND560083AAB,IND560058AAD,Carting,1.5542929292929293,10.8288,1.0,3
IND560083AAB,IND562132AAA,Carting,1.8673773029296286,11.60994,0.7090909090909091,110
IND560085AAA,IND562132AAA,Carting,1.8876132073382712,12.63182857142857,0.6190476190476191,21
IND560099AAB,IND000000ACS,Carting,1.44375,9.73895,0.5,2
IND560099AAB,IND515004AAA,FTL,1.350798663324979,26.010070000000002,0.7,10
IND560099AAB,IND560002AAA,Carting,1.4348007488532233,12.54269074074074,0.4074074074074074,54
IND560099AAB,IND560043AAC,Carting,1.5346022008560707,9.902807207207209,0.6036036036036037,111
IND560099AAB,IND560048AAB,Carting,2.2280270939696076,10.5606625,0.4431818181818182,88
IND560099AAB,IND560058AAB,Carting,1.5864818173869024,9.840858278145694,0.5364238410596026,151
IND560099AAB,IND560058AAD,Carting,0.9632440476190476,12.647387499999999,0.25,8
IND560099AAB,IND560060AAB,Carting,1.3125048833908115,12.802739784946237,0.5053763440860215,93
IND560099AAB,IND560077AAA,Carting,2.9968379514750483,18.755125,1.0,4
IND560099AAB,IND560078AAC,Carting,1.6425253192053002,11.423176785714286,0.7142857142857143,56
IND560099AAB,IND560083AAB,Carting,2.111111111111111,9.88405,1.0,2
IND560099AAB,IND560085AAA,Carting,2.319944446652924,9.910020588235295,0.7058823529411765,34
IND560099AAB,IND560300AAA,Carting,1.871819485072082,12.11488347107438,0.7041322314049587,605
IND560099AAB,IND562132AAA,Carting,1.9017246324342993,11.477086631016043,0.7299465240641712,374
IND560099AAB,IND562132AAA,FTL,1.4485624472486702,26.649274000000002,0.7,50
IND560099AAB,IND632006AAA,FTL,1.6637673630432175,25.281321875,0.453125,64
IND560099AAB,IND635001AAA,FTL,2.3215226078269557,21.837061538461537,0.38461538461538464,13
IND560099AAB,IND683511AAA,FTL,1.502496311804275,33.60235067264574,0.7309417040358744,223
IND560099AAB,IND683511AAB,FTL,1.6100798753816068,31.564743749999998,0.875,16
IND560099AAG,IND560099AAB,Carting,1.8035714285714286,10.892,1.0,2
IND560099AAH,IND562125AAA,Carting,0.8823529411764706,5.823,0.5,2
IND560300AAA,IND000000ACS,Carting,2.0172979797979798,11.491175,1.0,4
IND560300AAA,IND560002AAA,Carting,1.0031443926443928,8.992610666666666,0.26666666666666666,75
IND560300AAA,IND560043AAC,Carting,1.0110185584668026,13.194068686868688,0.30303030303030304,99
IND560300AAA,IND560048AAB,Carting,1.1452141608391608,12.940408333333332,0.3333333333333333,12
IND560300AAA,IND560058AAB,Carting,1.4439131829504948,11.295754954954955,0.46846846846846846,111
IND560300AAA,IND560078AAC,Carting,2.5808308664106363,10.6714234375,0.71875,64
IND560300AAA,IND560085AAA,Carting,1.3829281802433893,9.832816666666666,0.4305555555555556,72
IND560300AAA,IND560099AAB,Carting,2.022016953507846,13.75328317535545,0.7417061611374408,422
IND560300AAA,IND562132AAA,Carting,1.4331613633055493,13.28578,0.6,425
IND560300AAA,IND563101AAB,Carting,2.017887689308742,12.429856666666668,0.8666666666666667,30
IND560300AAA,IND563130AAA,Carting,1.8463125763125763,11.45794,0.9,10
IND560300AAA,IND563131AAB,Carting,1.5788053683011667,12.874142857142857,0.8571428571428571,7
IND560300AAB,IND563101AAB,Carting,1.741627277153593,13.939625675675677,0.9054054054054054,74
IND560300AAB,IND563116AAA,Carting,1.5322310405643738,12.107800000000001,0.6666666666666666,9
IND560300AAB,IND563125AAB,Carting,1.2535714285714286,9.793216666666666,0.6666666666666666,6
IND560300AAB,IND563130AAA,Carting,1.839295634920635,11.0056825,0.95,40
IND561202AAB,IND515134AAA,Carting,2.258989094375124,9.954297916666667,0.8333333333333334,96
IND561203AAB,IND562101AAA,Carting,1.5946198092031425,9.11555,0.9444444444444444,36
IND561207AAB,IND562108AAA,Carting,1.22308592241403,10.945348936170214,0.3829787234042553,47
IND561207AAB,IND572101AAA,Carting,2.0862026862026863,10.719759999999999,0.9,10
IND562101AAA,IND561207AAB,Carting,1.3136185779848508,10.804324489795917,0.2857142857142857,49
IND562108AAA,IND572101AAA,Carting,6.959706761492476,9.558592857142857,0.7857142857142857,14
IND562114AAA,IND560048AAB,Carting,3.853012945660004,10.135166666666667,0.9444444444444444,18
IND562114AAA,IND560067AAC,Carting,3.222314049586777,8.275681818181818,0.7272727272727273,11
IND562117AAA,IND562132AAA,FTL,1.3308048178272986,27.171988888888887,0.4074074074074074,27
IND562125AAA,IND000000ACS,Carting,7.125,16.7946,1.0,1
IND562132AAA,IND000000ACB,FTL,1.7057905970102403,30.685748642943306,0.8027744270205066,3316
IND562132AAA,IND000000ACS,Carting,1.5336919977499688,12.776727777777777,0.7222222222222222,18
IND562132AAA,IND302014AAA,FTL,1.8910623105577602,29.173472903885482,0.8190184049079755,978
IND562132AAA,IND395023AAA,FTL,1.8716163050147108,26.46688510638298,0.851063829787234,47
IND562132AAA,IND411033AAA,FTL,1.769934076268938,25.05374027149321,0.8981900452488688,442
IND562132AAA,IND416012AAA,FTL,1.6968158588232445,25.220309364548495,0.8060200668896321,299
IND562132AAA,IND421302AAG,FTL,1.6546135647862819,26.51217519379845,0.8062015503875969,258
IND562132AAA,IND462022AAA,FTL,1.8577247977643612,30.91282096,0.8816,625
IND562132AAA,IND501359AAE,FTL,1.5829699772119687,26.51976931818182,0.7670454545454546,176
IND562132AAA,IND515004AAA,FTL,1.3616034152648977,24.894857407407407,0.6203703703703703,108
IND562132AAA,IND518002AAA,FTL,1.3824756870408985,26.75967558139535,0.622093023255814,172
IND562132AAA,IND560002AAA,Carting,2.6748511809178477,9.711077333333332,0.84,75
IND562132AAA,IND560043AAC,Carting,1.8401737052806573,9.858201515151515,0.7575757575757576,66
IND562132AAA,IND560048AAB,Carting,1.9479055259063642,9.5357375,0.7638888888888888,72
IND562132AAA,IND560058AAB,Carting,1.9791005359020066,6.8766125,0.625,40
IND562132AAA,IND560058AAD,Carting,4.201897228189521,8.055108035714285,0.5892857142857143,112
IND562132AAA,IND560060AAB,Carting,1.3938574940465698,9.438622857142859,0.4714285714285714,70
IND562132AAA,IND560066AAB,Carting,2.044651182151182,11.4656125,0.75,8
IND562132AAA,IND560078AAC,Carting,1.9464293918641746,12.695103999999999,0.76,75
IND562132AAA,IND560083AAB,Carting,2.172335606555234,10.232558793969849,0.6582914572864321,199
IND562132AAA,IND560085AAA,Carting,2.0401426995956693,11.220003703703705,0.7407407407407407,54
IND562132AAA,IND560099AAB,Carting,1.775333710545179,11.111804166666666,0.7453703703703703,432
IND562132AAA,IND560099AAB,FTL,1.5105544209699517,26.530513157894735,0.7368421052631579,76
IND562132AAA,IND560300AAA,Carting,1.7283764889552031,11.344714096185738,0.7230514096185738,603
IND562132AAA,IND570020AAA,FTL,1.1726242565236293,24.866916666666665,0.24074074074074073,54
IND562132AAA,IND572101AAA,Carting,1.3625780084113417,9.887388888888887,0.7222222222222222,18
IND562132AAA,IND573201AAB,FTL,1.5752857303639405,24.06259017857143,0.7857142857142857,112
IND562132AAA,IND577002AAA,FTL,1.5141395899135837,22.693936363636364,0.8181818181818182,11
IND562132AAA,IND577501AAA,FTL,1.68781366713352,24.210025,0.75,8
IND562132AAA,IND577598AAC,FTL,1.6670847386368486,24.540048333333335,0.9333333333333333,60
IND562132AAA,IND580028AAA,FTL,1.8587826151208051,25.661152173913045,0.9782608695652174,46
IND562132AAA,IND583101AAA,FTL,1.5522209224242476,29.300955,0.92,100
IND562132AAA,IND600056AAB,FTL,1.462508761222757,27.99045824175824,0.6813186813186813,182
IND562132AAA,IND683511AAA,FTL,1.7156916383655905,41.1845,0.7931034482758621,29
IND562132AAA,IND712311AAA,FTL,2.1735539014573497,27.389944444444446,0.9722222222222222,216
IND562132AAA,IND751002AAB,FTL,1.9936290141286515,28.06369205378973,0.9559902200488998,818
IND562132AAC,IND000000ACB,FTL,1.6330428269444188,29.578684615384617,0.6410256410256411,78
IND562159AAA,IND562117AAA,FTL,2.3093772564721182,14.07463181818182,0.9090909090909091,22
IND563101AAB,IND560300AAB,Carting,6.163636363636364,63.8641,1.0,1
IND563101AAB,IND563125AAB,Carting,1.6136363636363638,9.282225,1.0,4
IND563101AAB,IND563131AAA,Carting,1.849450360750361,9.84933,0.86,50
IND563116AAA,IND563131AAB,Carting,3.18520646020646,8.847642857142857,0.9642857142857143,28
IND563125AAB,IND560300AAA,Carting,3.8479680696661824,58.941599999999994,1.0,3
IND563125AAB,IND560300AAB,Carting,2.655564016836338,20.473403125,0.875,32
IND563130AAA,IND563131AAB,Carting,1.1065001942501942,10.06666,0.13333333333333333,30
IND563131AAA,IND563125AAB,Carting,1.8911662543805399,10.277732857142857,0.8714285714285714,70
IND563131AAB,IND560300AAA,Carting,1.6662431136115345,12.581761904761905,0.6666666666666666,21
IND563131AAB,IND560300AAB,Carting,1.7057269201386849,13.78198857142857,0.7714285714285715,35
IND563131AAB,IND563116AAA,Carting,2.189670138888889,8.96684375,1.0,32
IND570020AAA,IND571301AAA,FTL,4.349503437738732,14.59185294117647,0.8823529411764706,17
IND570020AAA,IND571430AAA,FTL,13.260262725779967,22.606033333333333,1.0,3
IND570020AAA,IND571602AAA,FTL,2.7941454363746105,21.67724642857143,0.9642857142857143,28
IND571104AAA,IND573142AAA,FTL,1.4935897435897436,16.90635,1.0,2
IND571104AAA,IND577598AAB,FTL,2.2252122241086587,14.514729032258064,0.5806451612903226,31
IND571105AAA,IND571114AAA,FTL,81.7,14.9177,1.0,2
IND571105AAA,IND571213AAA,FTL,1.7141240858991817,21.799308333333332,0.9583333333333334,24
IND571111AAB,IND571313AAB,FTL,1.8995256132756133,16.77383,1.0,20
IND571114AAA,IND570020AAA,FTL,3.7623079829440043,23.978615789473686,1.0,19
IND571124AAA,IND570020AAA,FTL,4.103502357273395,20.76265,1.0,20
IND571213AAA,IND570020AAA,FTL,8.47887323943662,85.0601,1.0,1
IND571213AAA,IND571114AAA,FTL,2.072876183775574,24.541749999999997,0.6666666666666666,24
IND571301AAA,IND571111AAB,FTL,2.1203657504668536,17.07451875,1.0,16
IND571313AAB,IND571440AAA,FTL,1.8947242356131113,19.930985,0.75,20
IND571401AAA,IND562160AAB,FTL,1.0219857476065533,19.04195,0.05,20
IND571426AAA,IND571104AAA,FTL,1.8637083323065298,33.94638222222222,0.9555555555555556,45
IND571430AAA,IND571124AAA,FTL,1.9317267446499444,19.19341052631579,0.6842105263157895,19
IND571432AAB,IND571426AAA,FTL,1.5637782515419043,20.011673529411762,0.8529411764705882,34
IND571438AAB,IND571401AAA,FTL,2.0724486902658725,13.053411764705883,0.4117647058823529,17
IND571440AAA,IND571430AAA,FTL,1.248142335418808,18.761447368421056,0.2631578947368421,19
IND572101AAA,IND561203AAB,Carting,2.223822550905884,9.505426388888889,1.0,72
IND572101AAA,IND562101AAA,Carting,2.357764355742297,12.7964375,0.875,8
IND572201AAB,IND573103AAA,FTL,1.9333881578947367,20.252724999999998,1.0,4
IND572201AAB,IND573201AAB,FTL,3.7396168203776896,18.576166666666666,0.6666666666666666,6
IND572201AAB,IND577101AAA,FTL,2.1753031226715436,25.822699999999998,1.0,4
IND572201AAB,IND577116AAA,FTL,1.8707977207977209,22.981333333333335,1.0,3
IND573103AAA,IND572201AAB,FTL,2.5294117647058822,16.915366666666667,1.0,3
IND573103AAA,IND577116AAA,FTL,1.4038109031491384,19.765449999999998,0.7,10
IND573116AAA,IND571426AAA,FTL,4.0,16.12285,0.5,2
IND573116AAA,IND571432AAB,FTL,1.7368128287046953,29.848291666666668,1.0,24
IND573116AAA,IND573142AAA,FTL,3.2635135135135136,26.72755,0.5,2
IND573134AAB,IND573201AAB,FTL,2.484281463781685,21.804914285714286,1.0,28
IND573134AAB,IND577101AAA,FTL,1.7708978328173375,34.187799999999996,1.0,2
IND573142AAA,IND573201AAB,FTL,2.367734776117129,21.28925294117647,0.9705882352941176,34
IND573201AAB,IND572201AAB,FTL,1.7796470920383964,18.253024242424242,0.8787878787878788,33
IND573201AAB,IND573103AAA,FTL,2.013480392156863,38.51623333333333,1.0,6
IND573201AAB,IND573116AAA,FTL,2.2168731131519457,20.91541785714286,0.9642857142857143,28
IND573201AAB,IND573134AAB,FTL,1.9131803868645976,21.552599999999998,1.0,6
IND573201AAB,IND575004AAB,FTL,2.735823764534822,29.30819893617021,1.0,94
IND574104AAA,IND574216AAA,Carting,2.04562099012099,10.785766,1.0,50
IND574104AAA,IND574216AAA,FTL,1.9046052631578947,25.41705,1.0,2
IND574117AAA,IND576101AAA,FTL,1.6614906832298137,24.751350000000002,1.0,2
IND574117AAA,IND576201AAA,FTL,2.744736842105263,17.7349,1.0,3
IND574202AAA,IND574239AAA,FTL,2.194319291819292,17.037941666666665,1.0,12
IND574211AAA,IND574202AAA,FTL,1.5914172686618506,16.410375,0.625,8
IND574211AAA,IND574216AAA,FTL,2.775,20.44565,1.0,2
IND574216AAA,IND562132AAA,FTL,2.092932281796438,26.543872727272728,1.0,11
IND574216AAA,IND575004AAB,Carting,2.3836080586080586,10.391773076923077,0.9230769230769231,26
IND574216AAA,IND575004AAB,FTL,2.5692007797270957,19.135366666666666,1.0,3
IND574221AAA,IND562132AAA,FTL,2.0210638595325685,34.58458983050848,0.9322033898305084,59
IND574227AAA,IND574104AAA,Carting,2.036424394319131,8.754036842105265,1.0,19
IND574239AAA,IND574221AAA,FTL,1.5113911151505135,33.789342857142856,1.0,7
IND575004AAB,IND562132AAA,FTL,2.1506008930275318,27.715419230769232,0.9615384615384616,52
IND575004AAB,IND574117AAA,FTL,2.8937960506926026,16.9876,1.0,10
IND575004AAB,IND574211AAA,FTL,2.5318218954248364,19.750239999999998,0.8,10
IND575004AAB,IND574227AAA,Carting,1.7875457875457874,12.116366666666666,0.8333333333333334,6
IND575004AAB,IND575014AAA,FTL,2.5175438596491224,19.896349999999998,1.0,2
IND575004AAB,IND576101AAA,FTL,2.460493827160494,18.784633333333336,1.0,3
IND575004AAB,IND671323AAD,FTL,1.7084520417853752,24.340966666666663,1.0,3
IND575014AAA,IND403726AAA,FTL,1.9040656881410847,25.507061538461535,1.0,13
IND576101AAA,IND576201AAA,FTL,1.654970760233918,19.870583333333332,1.0,6
IND576201AAA,IND581320AAA,FTL,2.2162721448228413,24.61615,1.0,8
IND577002AAA,IND580028AAA,FTL,1.7015471741073347,23.515331818181817,0.9545454545454546,66
IND577002AAA,IND581110AAE,Carting,2.390873015873016,9.05535,1.0,8
IND577002AAA,IND581115AAC,Carting,2.47559202493413,9.573953947368421,0.9342105263157895,76
IND577101AAA,IND577116AAA,FTL,1.8236408199643492,23.984499999999997,0.6666666666666666,3
IND577101AAA,IND577132AAD,FTL,2.488963480128894,15.402364285714286,0.9285714285714286,14
IND577116AAA,IND577101AAA,FTL,0.9305050523110795,24.95850625,0.4375,16
IND577126AAA,IND577201AAA,FTL,2.296783625730994,23.1978,0.6666666666666666,3
IND577132AAD,IND573134AAB,FTL,2.518188384173298,19.58124,0.8,20
IND577201AAA,IND562132AAA,FTL,1.7529508118590538,25.579158415841583,0.7623762376237624,101
IND577201AAA,IND577432AAA,FTL,2.3049999999999997,31.01255,1.0,2
IND577401AAA,IND562132AAA,FTL,2.4081998342190065,27.239530769230768,0.6923076923076923,13
IND577401AAA,IND577201AAA,FTL,0.8469316135490013,25.87350434782609,0.0,23
IND577432AAA,IND577126AAA,FTL,2.1,27.2213,1.0,1
IND577501AAA,IND577002AAA,FTL,1.8323068273029572,20.336086666666667,1.0,30
IND577522AAA,IND562132AAA,FTL,2.2793462633557575,23.15966125,0.775,80
IND577535AAC,IND577522AAA,FTL,1.501574639956993,18.645663333333335,0.6666666666666666,30
IND577598AAB,IND573142AAA,FTL,2.3056058258917203,22.498368,0.98,50
IND577598AAC,IND577501AAA,FTL,1.8641129072947253,21.62443181818182,0.9545454545454546,22
IND580002AAA,IND580028AAA,FTL,4.979166666666666,23.8393,1.0,2
IND580028AAA,IND403726AAA,FTL,2.764463553195363,27.332149425287355,1.0,87
IND580028AAA,IND421302AAG,FTL,1.626772747634904,50.20719583333334,0.7916666666666666,24
IND580028AAA,IND562132AAA,FTL,1.790141178393706,24.0587234375,1.0,64
IND580028AAA,IND580002AAA,FTL,80.11747835497836,14.935525,0.625,16
IND580028AAA,IND581402AAA,FTL,1.4671739836285984,23.244239999999998,0.8833333333333333,60
IND580028AAA,IND590016AAA,FTL,6.996997102484719,20.637475384615385,0.9846153846153847,65
IND580028AAA,IND591115AAB,FTL,1.8773363146428161,19.832425,1.0,12
IND580028AAA,IND591123AAC,FTL,2.6607104786367635,28.898987671232877,0.958904109589041,73
IND581110AAE,IND577002AAA,Carting,2.762189033189033,11.308364,0.96,25
IND581110AAE,IND581119AAB,Carting,1.9348676497113997,9.017797916666668,0.9270833333333334,96
IND581115AAC,IND581110AAE,Carting,2.178588341088341,8.994147297297298,0.9864864864864865,74
IND581119AAB,IND577002AAA,Carting,1.8394775581369784,14.39237037037037,0.9444444444444444,54
IND581303AAA,IND581325AAA,FTL,1.7512513725802739,25.3184875,0.75,8
IND581303AAA,IND581400AAB,FTL,2.076628504201705,23.222020833333332,0.7083333333333334,24
IND581314AAA,IND403726AAA,FTL,1.8923986990031239,24.025291111111112,0.8888888888888888,45
IND581314AAA,IND581334AAA,FTL,1.4423076923076923,19.8118,0.6666666666666666,3
IND581320AAA,IND575004AAB,FTL,2.5615550313692728,22.9993,1.0,6
IND581320AAA,IND581334AAA,FTL,1.9203554778554779,20.3348125,1.0,8
IND581325AAA,IND580028AAA,FTL,1.8487013633902238,28.480319047619044,0.9285714285714286,42
IND581334AAA,IND581314AAA,FTL,1.347781604466387,20.56505,0.75,8
IND581334AAA,IND581320AAA,FTL,1.5852272727272727,17.02805,1.0,2
IND581334AAA,IND581343AAC,FTL,2.2656641604010024,21.346899999999998,1.0,2
IND581343AAC,IND581314AAA,FTL,1.5463442676486154,17.288391666666666,0.75,12
IND581400AAB,IND581325AAA,FTL,1.6283139176025212,44.997078125,0.65625,32
IND581402AAA,IND577201AAA,FTL,1.3360220474558042,24.280450000000002,0.5,6
IND581402AAA,IND577401AAA,FTL,1.6612764607528336,23.890044444444445,0.8518518518518519,27
IND582101AAB,IND580028AAA,FTL,3.027234233409982,21.498109615384614,1.0,52
IND582209AAA,IND582101AAB,FTL,1.966478058978059,20.112490625,1.0,32
IND583101AAA,IND577535AAC,FTL,2.3493791459436624,19.93527333333333,1.0,30
IND583101AAA,IND583201AAA,FTL,2.944101214530351,21.38842777777778,1.0,54
IND583119AAA,IND583101AAA,FTL,3.7579877337049683,26.784344444444443,1.0,18
IND583201AAA,IND583101AAA,FTL,3.274472667855021,20.73821666666667,1.0,6
IND583201AAA,IND583119AAA,FTL,4.582288202940377,14.463983333333333,1.0,18
IND583201AAA,IND583227AAA,Carting,2.111781881313131,10.811877083333334,0.9791666666666666,48
IND583227AAA,IND583201AAA,Carting,2.6,9.527700000000001,1.0,3
IND583227AAA,IND583231AAA,Carting,1.9546969696969696,9.108381333333334,0.88,75
IND583231AAA,IND583201AAA,Carting,2.900836139169473,10.110404444444445,1.0,45
IND584101AAA,IND509124AAA,FTL,1.859726535390397,17.03796428571429,0.9523809523809523,42
IND584101AAA,IND518002AAA,FTL,2.6149290945924886,33.874275,1.0,4
IND584101AAA,IND584123AAA,Carting,1.5926298701298702,9.43511,0.9,10
IND584123AAA,IND584128AAA,Carting,1.2604166666666667,9.930150000000001,0.75,4
IND584128AAA,IND583121AAA,Carting,2.3685185185185187,10.83695,1.0,6
IND585104AAA,IND585211AAA,Carting,1.903958462172748,11.535957142857143,0.9714285714285714,70
IND585104AAA,IND585307AAB,Carting,1.4854888167388167,11.25695,0.9642857142857143,28
IND585104AAA,IND585314AAA,Carting,2.2614946164946166,8.45003,0.75,20
IND585104AAA,IND585330AAE,FTL,1.8885301079496126,19.950816666666665,1.0,60
IND585104AAA,IND586128AAA,Carting,1.8710826209493934,11.185338931297709,0.8854961832061069,131
IND585211AAA,IND585104AAA,Carting,2.0928626928626928,13.042081818181817,0.8181818181818182,11
IND585211AAA,IND585222AAA,Carting,2.0322257107971393,8.79028163265306,0.9387755102040817,49
IND585222AAA,IND585211AAA,Carting,1.7979493885743885,8.692625,0.5,12
IND585222AAA,IND585307AAB,Carting,1.5926630853714188,10.082363888888889,0.9583333333333334,72
IND585307AAB,IND585104AAA,Carting,4.71959348254326,12.011806542056075,0.9719626168224299,107
IND585307AAB,IND585222AAA,Carting,1.4454049422799422,10.05898125,0.9375,16
IND585314AAA,IND585104AAA,Carting,5.37268759018759,9.425612857142857,0.7714285714285715,70
IND585314AAA,IND586211AAA,Carting,1.9367891488806521,12.151255555555554,0.7777777777777778,27
IND585330AAE,IND585401AAA,FTL,1.870520871416493,24.17819523809524,1.0,42
IND585401AAA,IND502286AAB,FTL,1.9671772581250229,27.511725000000002,1.0,44
IND586101AAA,IND416404AAA,FTL,3.4567997203413867,20.7766,1.0,12
IND586101AAB,IND416404AAA,FTL,2.1276609483472226,20.159346666666668,1.0,15
IND586128AAA,IND585104AAA,Carting,2.792194765111432,10.876141666666665,0.9722222222222222,36
IND586128AAA,IND586211AAA,Carting,1.7097824443106493,10.114788732394366,0.971830985915493,71
IND586211AAA,IND585314AAA,Carting,1.8361290121942835,12.060975524475523,0.8391608391608392,143
IND586211AAA,IND586128AAA,Carting,1.9257671957671958,9.694166666666666,0.9333333333333333,15
IND587103AAB,IND582101AAB,FTL,1.938797719609719,29.188737500000002,1.0,8
IND587103AAB,IND582209AAA,FTL,1.8081589759609917,24.728629411764707,1.0,51
IND590016AAA,IND591302AAB,FTL,1.7953785805509945,18.05754,1.0,10
IND591102AAA,IND591307AAC,FTL,2.076500529699059,23.010727777777777,1.0,36
IND591115AAB,IND580028AAA,FTL,2.0228070175438595,19.357400000000002,1.0,6
IND591115AAB,IND590016AAA,FTL,1.8667986425339367,21.4570875,1.0,8
IND591123AAC,IND587103AAB,FTL,1.3238557151211185,21.0795,0.7454545454545455,55
IND591126AAA,IND591102AAA,FTL,1.266025641025641,17.545275,0.5,4
IND591201AAA,IND586101AAB,FTL,1.7365056580846054,24.619566666666667,1.0,6
IND591201AAA,IND591304AAA,FTL,1.4951468775454282,24.622173333333333,0.8333333333333334,30
IND591237AAB,IND591201AAA,FTL,2.1774891774891776,19.81412,0.8,5
IND591302AAB,IND580028AAA,FTL,2.0581178977292183,27.62197931034483,0.8275862068965517,29
IND591302AAB,IND591115AAB,FTL,1.4699222080136403,22.090275,0.5,4
IND591304AAA,IND586101AAA,FTL,1.9129673983934992,22.49271851851852,0.7407407407407407,27
IND591304AAA,IND586101AAB,FTL,2.0993965785424495,18.80069375,0.875,16
IND591307AAC,IND580002AAA,FTL,2.594859286626528,25.141000000000002,1.0,8
IND591307AAC,IND580028AAA,FTL,2.3449428351530033,27.9212,1.0,20
IND591307AAC,IND580030AAA,FTL,2.7653846153846153,23.75926,1.0,5
IND600004AAA,IND600008AAC,Carting,4.8106837606837605,11.30415,1.0,4
IND600008AAA,IND600044AAC,Carting,2.629398577612863,8.928885714285713,0.8,70
IND600008AAC,IND600004AAA,Carting,2.357142857142857,13.2347,1.0,1
IND600008AAC,IND600013AAA,Carting,4.55,12.08535,1.0,2
IND600008AAC,IND600056AAB,Carting,2.7610229775166766,9.567602816901408,0.8873239436619719,71
IND600016AAA,IND600119AAA,Carting,2.440008775946276,12.00148125,0.75,16
IND600016AAB,IND600044AAC,Carting,2.306926006092673,9.742066666666668,0.9444444444444444,90
IND600016AAC,IND600056AAB,Carting,2.0972222222222223,9.785525,1.0,4
IND600016AAC,IND600119AAA,Carting,2.0745512171934575,13.604199999999999,0.7727272727272727,22
IND600032AAB,IND600008AAC,Carting,3.0,5.0238,0.5,2
IND600032AAB,IND600044AAD,Carting,1.8655276541640178,7.651981818181818,0.6363636363636364,22
IND600032AAB,IND600056AAB,Carting,2.0630661623576603,10.134968016194334,0.8947368421052632,247
IND600032AAB,IND600076AAB,Carting,2.4000489589775307,8.504573809523809,0.9523809523809523,84
IND600044AAD,IND600032AAB,Carting,2.876874514374515,6.274125000000001,0.5833333333333334,12
IND600044AAD,IND600048AAA,Carting,2.8934474945344513,8.735652173913042,0.8260869565217391,23
IND600044AAD,IND600056AAB,Carting,1.8227462190743011,14.18610588235294,0.8431372549019608,51
IND600044AAD,IND603001AAA,Carting,2.323554743867244,10.913018749999999,0.875,48
IND600044AAD,IND603203AAA,Carting,3.9246031746031744,9.507025,1.0,4
IND600044AAE,IND600056AAB,Carting,2.1190903456248145,13.68130459770115,0.8620689655172413,87
IND600048AAA,IND600044AAD,Carting,2.159090909090909,6.52045,1.0,2
IND600056AAA,IND602105AAB,Carting,3.106377551020408,7.957528571428571,1.0,14
IND600056AAB,IND501359AAE,FTL,1.9014848279595076,29.68485403726708,0.9254658385093167,161
IND600056AAB,IND524003AAA,FTL,1.5921698303872478,28.741915463917525,0.979381443298969,97
IND600056AAB,IND530012AAA,FTL,1.608808363363959,35.654114285714286,0.8367346938775511,49
IND600056AAB,IND560099AAB,FTL,2.182526850672734,26.242729729729728,0.8243243243243243,148
IND600056AAB,IND562132AAA,FTL,1.5200410846278614,27.672986057692306,0.7451923076923077,208
IND600056AAB,IND600008AAC,Carting,3.8690435606060603,8.817926875000001,0.95,160
IND600056AAB,IND600016AAC,Carting,2.5555445121771654,9.912930612244898,0.9387755102040817,49
IND600056AAB,IND600032AAB,Carting,2.4755896747483286,9.838361057692307,0.8509615384615384,208
IND600056AAB,IND600044AAD,Carting,1.5160042964554243,15.111566666666667,0.7142857142857143,21
IND600056AAB,IND600044AAE,Carting,1.6919881027002843,17.275247572815534,0.6893203883495146,103
IND600056AAB,IND600076AAB,Carting,1.484454797825858,13.512068852459015,0.7213114754098361,61
IND600056AAB,IND600110AAA,Carting,1.890327775233514,13.056574107142856,0.8928571428571429,112
IND600056AAB,IND600116AAB,Carting,5.005905132878817,9.268294736842105,0.8947368421052632,76
IND600056AAB,IND605010AAB,FTL,1.6224818609745428,25.445120512820512,0.8717948717948718,78
IND600056AAB,IND605601AAA,FTL,1.2362177907392236,22.891575,0.575,40
IND600056AAB,IND631501AAA,Carting,2.2188473563473563,11.296841666666667,1.0,36
IND600056AAB,IND632006AAA,FTL,1.7498272189209918,26.79191346153846,0.8653846153846154,52
IND600056AAB,IND635802AAB,FTL,1.304111132832325,26.809836842105266,0.5263157894736842,19
IND600073AAA,IND603203AAA,Carting,1.8714285714285714,7.8443,1.0,2
IND600076AAB,IND600032AAB,Carting,2.498572781385281,10.010521875,1.0,32
IND600076AAB,IND600056AAB,Carting,1.638640873015873,13.3139875,0.75,8
IND600083AAA,IND600116AAB,Carting,2.0357142857142856,13.6142,1.0,2
IND600110AAA,IND600056AAB,Carting,1.8782968991792521,12.982592499999999,0.925,40
IND600110AAA,IND600056AAD,Carting,1.7938576945929887,13.184675,1.0,4
IND600116AAB,IND600056AAA,Carting,5.3090909090909095,8.190059999999999,1.0,5
IND600116AAB,IND600056AAB,Carting,2.117857142857143,9.55778,0.8,10
IND600116AAB,IND602024AAA,Carting,2.8084844322344322,9.74119,0.85,20
IND600119AAA,IND600016AAC,Carting,3.0754281537176276,11.707633333333334,0.9444444444444444,18
IND602001AAA,IND600116AAB,Carting,18.836118742368743,9.068808333333333,1.0,12
IND602001AAB,IND609001AAA,FTL,2.2020952559652254,18.09338181818182,1.0,22
IND602024AAA,IND600116AAB,Carting,1.961748545572075,10.652574999999999,0.75,8
IND602024AAA,IND602001AAA,Carting,2.815806878306878,8.12941111111111,1.0,18
IND603001AAA,IND603301AAA,Carting,1.5036945947210054,9.926173469387756,0.3673469387755102,49
IND603102AAA,IND600056AAB,FTL,1.9378820741811917,25.147542857142856,1.0,35
IND603203AAA,IND600044AAD,Carting,2.894484681984682,10.231665384615384,1.0,26
IND603203AAA,IND600048AAA,Carting,0.8333333333333334,7.081,0.5,2
IND603301AAA,IND600044AAD,Carting,2.1543846530453674,10.173383928571429,0.7589285714285714,112
IND604303AAA,IND603102AAA,FTL,1.4728932086668658,19.184745454545453,0.7272727272727273,11
IND605010AAB,IND600056AAB,FTL,1.6649744288633177,25.36985,0.9444444444444444,18
IND605010AAB,IND604303AAA,FTL,1.7952105084458025,17.2193,0.25,8
IND605010AAB,IND607001AAA,FTL,1.7516420361247949,25.480275000000002,1.0,12
IND605601AAA,IND600056AAB,FTL,2.7589270516015563,22.571469047619047,0.7619047619047619,42
IND605601AAA,IND607106AAA,Carting,2.1410549327215995,10.396530555555556,0.8055555555555556,36
IND605601AAA,IND636102AAA,FTL,1.445093128949988,28.7222,0.6,30
IND606003AAA,IND606105AAA,Carting,1.7232142857142858,7.816364285714286,0.9642857142857143,28
IND606105AAA,IND606201AAC,Carting,1.5479340363451617,12.354867567567569,0.581081081081081,74
IND606201AAC,IND605601AAA,Carting,1.69007250079019,13.659117808219177,0.6438356164383562,146
IND606801AAB,IND632006AAA,FTL,2.335198222424493,21.728892307692306,0.9230769230769231,39
IND606803AAA,IND606801AAB,FTL,1.7960782728470477,14.559731818181818,0.5909090909090909,22
IND607001AAA,IND608001AAA,FTL,2.190039431750662,19.99627272727273,1.0,22
IND607106AAA,IND607801AAA,Carting,2.1521794871794873,8.208436666666666,0.9,30
IND607801AAA,IND606003AAA,Carting,2.198938923395445,10.59316956521739,0.8913043478260869,46
IND608001AAA,IND609110AAA,FTL,2.567857142857143,21.0523,1.0,7
IND608301AAA,IND639104AAB,FTL,1.8360068130847893,24.94689375,0.9270833333333334,96
IND609001AAA,IND614018AAA,FTL,2.023677735021551,25.451819444444443,1.0,36
IND609110AAA,IND609602AAA,FTL,1.9869690798967115,20.99755,1.0,16
IND609602AAA,IND611001AAA,FTL,3.0462801087801092,21.935245454545456,1.0,11
IND610001AAA,IND605010AAB,FTL,2.0635994491236618,24.918346666666665,0.9833333333333333,60
IND610001AAA,IND614715AAA,Carting,1.8518054385701446,9.022123529411765,0.9019607843137255,51
IND611001AAA,IND610001AAA,FTL,2.1265659041394334,20.188558333333333,0.8333333333333334,12
IND614018AAA,IND613104AAA,FTL,3.208395276905989,22.63631666666667,0.9666666666666667,30
IND614602AAA,IND614804AAA,FTL,1.5407744565217392,22.698775,1.0,16
IND614616AAA,IND630002AAA,FTL,1.8304400428151466,17.631896875,0.90625,32
IND614620AAA,IND630561AAA,Carting,2.1563407576146427,10.728847770700638,0.9745222929936306,157
IND614715AAA,IND614809AAA,Carting,1.822840116894136,19.335192156862746,0.6470588235294118,51
IND614804AAA,IND614616AAA,FTL,1.6109914529914529,13.510136666666666,0.6333333333333333,30
IND614809AAA,IND610001AAA,Carting,2.076718955038633,16.935491463414635,0.7195121951219512,82
IND620020AAA,IND621112AAA,Carting,1.936261904761905,8.032432,0.9,50
IND621010AAA,IND621212AAA,FTL,1.6853380994005993,18.929665625,0.9375,32
IND621112AAA,IND620012AAA,Carting,6.458333333333333,22.6467,1.0,1
IND621211AAA,IND621010AAA,FTL,1.3107831562377017,16.193995454545455,0.7727272727272727,22
IND621212AAA,IND621704AAA,FTL,1.7945616883116884,15.44499375,0.875,32
IND621306AAA,IND625106AAA,FTL,1.5420756769392385,22.713925641025643,0.41025641025641024,39
IND621704AAA,IND621802AAA,FTL,1.1384733421239013,21.896423529411763,0.35294117647058826,34
IND621802AAA,IND608301AAA,FTL,2.4866830065359475,24.25659,1.0,10
IND621802AAA,IND621212AAA,FTL,1.655021391863497,24.88795,1.0,6
IND622407AAA,IND622001AAA,FTL,1.516281384173089,17.647692857142857,0.8214285714285714,28
IND623315AAB,IND614620AAA,Carting,1.6399907037407038,8.770436666666665,0.75,60
IND623407AAA,IND623315AAB,Carting,1.1075955988455988,9.08113,0.16666666666666666,30
IND623503AAA,IND623526AAA,FTL,1.06484222316927,17.65185238095238,0.14285714285714285,21
IND623526AAA,IND623704AAA,FTL,1.0323807501087907,25.037234375,0.25,32
IND623701AAA,IND623503AAA,FTL,1.1279719938343191,20.881921428571427,0.35714285714285715,14
IND623704AAA,IND626607AAB,FTL,1.2505119478333764,22.618085714285712,0.5,14
IND624001AAA,IND624619AAA,FTL,1.8826609260304914,15.85745,0.6,20
IND624001AAA,IND624703AAA,FTL,1.3035714285714286,19.346075,0.75,4
IND624001AAA,IND625008AAA,FTL,1.3359091648657144,24.417528,0.8,25
IND624101AAA,IND624202AAA,FTL,0.9111201667573197,27.62109,0.15,20
IND624202AAA,IND625218AAA,FTL,1.9467391304347825,14.362860000000001,0.7,20
IND624601AAA,IND624001AAA,FTL,4.448213815170337,18.875600000000002,1.0,6
IND624601AAA,IND624101AAA,FTL,1.0221300040377146,31.476565517241376,0.2413793103448276,29
IND624619AAA,IND624601AAA,FTL,1.8943051109163642,15.917870588235292,0.7058823529411765,17
IND624703AAA,IND624619AAA,FTL,1.22,25.91265,0.5,2
IND625008AAA,IND625516AAA,FTL,1.2301282051282052,27.56125,0.5,4
IND625008AAA,IND626123AAA,FTL,1.9952951064388273,20.359394117647057,1.0,51
IND625008AAA,IND685514AAA,FTL,1.4315608094570227,28.67634,0.8,5
IND625106AAA,IND625008AAA,FTL,1.6725257703540197,22.058557692307694,0.8846153846153846,26
IND625218AAA,IND624703AAA,FTL,2.2674313990103463,26.88475,0.5,4
IND625516AAA,IND685514AAA,FTL,1.8979863221884499,33.380985714285714,1.0,7
IND625531AAA,IND625516AAA,FTL,1.286190904611957,20.518114285714287,0.7857142857142857,14
IND625532AAA,IND625531AAA,FTL,1.5024321417339628,20.855175,0.5833333333333334,12
IND625532AAA,IND685514AAA,FTL,1.7353844681147312,27.653025,0.5,4
IND626117AAA,IND626138AAA,FTL,1.2359480848369737,20.79846666666667,0.6666666666666666,9
IND626123AAA,IND627756AAA,FTL,1.554312644550227,31.23146764705882,1.0,34
IND626138AAA,IND625008AAA,FTL,1.639375087501478,17.479377083333333,0.6041666666666666,48
IND626607AAB,IND625008AAA,FTL,1.3133769129274402,24.01085625,0.75,16
IND627005AAA,IND627117AAA,FTL,1.509625060092687,22.413576,0.88,25
IND627005AAA,IND627811AAA,FTL,1.6511110924713865,18.14173,0.36666666666666664,30
IND627005AAA,IND628801AAA,Carting,1.2423283709258706,13.533170588235295,0.5411764705882353,85
IND627005AAA,IND629001AAA,FTL,2.1322140522875817,21.137525,1.0,4
IND627117AAA,IND629001AAA,FTL,2.5357983682983685,17.813118181818183,1.0,22
IND627401AAA,IND627005AAA,FTL,2.9489931009161774,19.150561538461538,1.0,26
IND627657AAA,IND628613AAA,Carting,1.253869177516371,9.769682608695652,0.391304347826087,46
IND627756AAA,IND626117AAA,FTL,1.8432777261102071,15.668617647058822,1.0,34
IND627811AAA,IND627401AAA,FTL,1.8118135286613548,17.184475,0.95,20
IND628204AAA,IND627657AAA,Carting,1.257974500989207,10.548857352941177,0.45588235294117646,68
IND628613AAA,IND627005AAA,Carting,1.3562496540183742,17.719703773584907,0.660377358490566,53
IND628801AAA,IND628204AAA,Carting,1.5168534080298788,8.759114705882352,0.9705882352941176,34
IND629179AAA,IND627005AAA,FTL,2.133785241475843,27.40965681818182,0.9772727272727273,44
IND630002AAA,IND622407AAA,FTL,1.4021739188099482,25.071275000000004,0.8571428571428571,28
IND630561AAA,IND623407AAA,Carting,1.9433968253968252,9.329182666666668,1.0,75
IND630561AAA,IND623701AAA,FTL,1.6696362622884362,20.92869,1.0,10
IND631003AAA,IND600056AAB,Carting,2.3680857805857807,11.457721621621621,0.972972972972973,37
IND631102AAA,IND600056AAB,FTL,2.6254765818488126,22.925794444444442,1.0,36
IND631501AAA,IND600056AAB,Carting,10.368894108255809,23.977825,0.75,4
IND631501AAA,IND631003AAA,Carting,2.733189033189033,9.58873,1.0,30
IND632006AAA,IND562132AAA,FTL,1.6955053621240748,27.24926111111111,1.0,18
IND632006AAA,IND600056AAB,FTL,1.6744490966865313,30.499798529411766,0.7941176470588235,68
IND632006AAA,IND632301AAA,FTL,2.215028725587732,19.97172142857143,1.0,28
IND632006AAA,IND632402AAA,FTL,4.643262987012987,23.8151875,1.0,8
IND632006AAA,IND635802AAB,FTL,1.3546691403834263,21.618585714285718,0.7142857142857143,7
IND632301AAA,IND606803AAA,FTL,1.4531840966051492,15.83676875,0.6875,16
IND632301AAA,IND632006AAA,FTL,5.319230769230769,20.55405,1.0,2
IND632402AAA,IND631102AAA,FTL,1.467292490118577,13.321345454545453,0.5909090909090909,22
IND635001AAA,IND562132AAA,FTL,1.9339834407744843,25.488970000000002,0.75,20
IND635001AAA,IND636705AAB,FTL,1.1863765763222285,19.092958333333332,0.5833333333333334,12
IND635207AAA,IND635802AAB,Carting,3.547278911564626,10.126028571428572,1.0,7
IND635601AAB,IND635207AAA,Carting,2.944444444444444,7.946833333333333,1.0,3
IND635601AAB,IND635802AAB,Carting,3.9431146517881213,9.658279591836735,0.8367346938775511,49
IND635802AAB,IND562132AAA,FTL,1.6182762865082303,29.49429024390244,0.7804878048780488,41
IND635802AAB,IND635601AAB,Carting,2.230873015873016,9.292224,0.84,50
IND636005AAA,IND636005AAC,Carting,5.083333333333333,15.441,1.0,1
IND636005AAA,IND636016AAA,Carting,1.8572916666666666,11.836725,0.75,4
IND636016AAA,IND636402AAA,Carting,1.4327616827616827,18.288816666666666,0.5,6
IND636016AAA,IND637211AAA,Carting,1.4250753011465085,9.768486666666666,0.5466666666666666,75
IND636102AAA,IND605601AAA,FTL,1.2495297854316723,30.974688,0.56,25
IND636352AAA,IND636705AAB,FTL,1.6037671957671957,28.05092,1.0,5
IND636705AAB,IND562132AAA,FTL,1.5286391289411048,26.29308484848485,0.8484848484848485,33
IND636705AAB,IND635001AAA,FTL,1.901549919484702,17.66495,0.4166666666666667,12
IND637211AAA,IND636402AAA,Carting,1.714684109973632,9.480677083333333,0.6458333333333334,96
IND637301AAA,IND638001AAA,FTL,1.9107155142758856,21.729499999999998,1.0,10
IND637408AAA,IND637001AAA,FTL,2.047145349791527,17.132179999999998,0.75,20
IND638001AAA,IND638052AAA,FTL,2.133986928104575,18.881533333333334,1.0,3
IND638401AAA,IND638452AAA,Carting,1.4727987462002807,10.194090909090908,0.24242424242424243,33
IND638452AAA,IND638501AAB,Carting,1.530566534914361,8.6330875,0.375,8
IND638501AAB,IND641062AAD,Carting,1.5382707659520989,13.474063218390805,0.5747126436781609,87
IND638657AAA,IND638701AAA,Carting,1.769993410469601,8.132561904761905,0.6984126984126984,63
IND638701AAA,IND641607AAA,Carting,2.903860790625496,8.419056862745098,0.9411764705882353,51
IND639001AAA,IND624001AAA,FTL,1.6675392223928571,25.204455555555555,0.9629629629629629,27
IND639104AAB,IND620012AAA,FTL,1.013685239491691,34.8202,0.5,2
IND641001AAA,IND641062AAD,Carting,4.225763125763126,9.980459999999999,0.9,10
IND641006AAD,IND641062AAD,Carting,9.845515873015872,8.861506666666665,0.8666666666666667,15
IND641008AAA,IND641001AAA,Carting,1.1335412953060011,6.895566666666667,0.5,6
IND641008AAA,IND641011AAA,Carting,1.1666666666666667,6.2798,0.5,2
IND641011AAA,IND641062AAD,Carting,4.1030676786843765,9.778090322580645,0.8064516129032258,31
IND641062AAD,IND638401AAA,Carting,1.775100854007104,10.558390625,0.890625,64
IND641062AAD,IND641001AAA,Carting,2.562698412698413,10.278983333333333,0.75,12
IND641062AAD,IND641008AAA,Carting,2.6453147546897546,9.108675,0.75,8
IND641062AAD,IND641607AAA,FTL,1.8784464386188524,19.368654545454547,0.6818181818181818,22
IND641062AAD,IND642001AAA,Carting,1.6137820512820513,9.766716666666667,0.8333333333333334,6
IND641062AAD,IND642126AAA,Carting,1.9213195588293979,10.143151694915256,0.7627118644067796,118
IND641062AAD,IND643217AAA,Carting,2.5259872004357296,13.540416666666665,1.0,12
IND641062AAD,IND643231AAA,Carting,2.5019899217923256,12.46830705882353,0.9647058823529412,85
IND641607AAA,IND641062AAD,FTL,2.6957375347764363,19.64740789473684,1.0,38
IND641607AAA,IND641654AAA,Carting,2.07656598452053,9.02140909090909,1.0,22
IND641607AAA,IND641664AAA,Carting,1.430959595959596,8.97992,0.8,10
IND641654AAA,IND641664AAA,Carting,1.4030465078593422,11.031584848484849,0.6060606060606061,33
IND641664AAA,IND638657AAA,Carting,1.613502301002301,8.286867567567567,0.6756756756756757,74
IND642001AAA,IND641062AAD,Carting,1.5891633950844477,9.893350980392157,0.7745098039215687,102
IND642001AAA,IND642126AAA,Carting,1.1753246753246753,7.872575,0.75,4
IND642126AAA,IND642001AAA,Carting,1.4075468975468977,8.067056923076922,0.6615384615384615,65
IND643001AAA,IND643212AAA,Carting,2.576994995744996,16.56951666666667,1.0,18
IND643212AAA,IND641062AAD,Carting,3.7803150232055436,19.638928571428572,0.9523809523809523,21
IND643217AAA,IND643001AAA,Carting,1.1983642005628317,36.66274,0.5,20
IND643231AAA,IND643217AAA,Carting,1.1864753796255345,13.913333333333334,0.2222222222222222,18
IND670643AAA,IND673632AAA,Carting,2.2250030216696883,10.463342222222222,0.9333333333333333,45
IND670645AAB,IND673592AAA,Carting,3.1455903301491537,11.317552380952382,0.9523809523809523,21
IND671315AAA,IND575004AAB,FTL,8.01923076923077,80.5539,1.0,2
IND671323AAD,IND000000ACO,FTL,2.1607142857142856,14.680150000000001,1.0,2
IND673027AAB,IND673104AAA,Carting,6.097222222222222,9.941114285714287,0.2857142857142857,7
IND673027AAB,IND673305AAA,Carting,9.611644219977554,9.1895,0.3333333333333333,9
IND673104AAA,IND673506AAA,Carting,1.7620903606197724,7.841823529411765,0.8235294117647058,34
IND673121AAA,IND670645AAB,Carting,2.370052516927517,10.375575,1.0,24
IND673305AAA,IND673104AAA,Carting,1.4132954545454546,7.322167500000001,0.4,40
IND673506AAA,IND670643AAA,Carting,1.4610235760971055,10.551532352941177,0.9705882352941176,34
IND673573AAA,IND673592AAA,FTL,1.6423688987659577,29.75860833333333,1.0,24
IND673592AAA,IND562132AAA,FTL,2.0149740634861084,27.169711764705884,0.773109243697479,119
IND673592AAA,IND670645AAB,Carting,2.2052139037433154,11.502275000000001,0.75,4
IND673592AAA,IND673121AAA,Carting,2.3839334907516725,8.949913636363636,0.9545454545454546,22
IND673632AAA,IND673104AAA,Carting,1.2521885521885523,10.053766666666666,0.3333333333333333,6
IND673632AAA,IND673305AAA,Carting,1.329199372056515,11.3473,0.2857142857142857,14
IND673632AAA,IND676306AAA,Carting,1.0004128587461922,9.328566666666667,0.3333333333333333,9
IND673632AAA,IND683511AAA,FTL,1.6566225379677046,28.222105555555558,0.9166666666666666,36
IND676306AAA,IND676509AAA,Carting,2.833673469387755,9.638207142857143,0.7857142857142857,14
IND676509AAA,IND678583AAA,Carting,1.22991452991453,11.155833333333334,0.3333333333333333,3
IND676509AAA,IND679322AAA,Carting,1.848161098161098,10.4102,1.0,6
IND678683AAA,IND000000ABD,FTL,1.7196194438236878,16.221753846153845,0.4230769230769231,26
IND679303AAA,IND679531AAA,Carting,2.930420918367347,8.523239285714286,1.0,28
IND679322AAA,IND673639AAA,Carting,1.8708561175666438,12.570799999999998,1.0,4
IND679329AAA,IND673639AAA,Carting,1.442723149866007,9.607542857142858,0.8571428571428571,7
IND679531AAA,IND680587AAA,Carting,1.508123496873497,10.11947,0.7666666666666667,30
IND680012AAA,IND679303AAA,Carting,1.4746585737494828,11.880485454545454,0.8909090909090909,55
IND68004AAA,IND678683AAA,FTL,2.689398122731456,17.05662592592593,0.9259259259259259,27
IND68004AAA,IND683511AAA,Carting,2.013901839990075,11.944634,0.86,50
IND680104AAA,IND679576AAA,FTL,2.0168688785387077,25.219490476190476,0.8095238095238095,21
IND680307AAA,IND680712AAA,Carting,1.7751161536875824,9.335985714285714,1.0,14
IND680307AAA,IND683511AAA,Carting,1.7994031221303948,9.95279090909091,0.7272727272727273,11
IND680587AAA,IND68004AAA,Carting,2.2708660620425327,10.903123076923078,0.9743589743589743,39
IND680587AAA,IND683511AAA,Carting,2.2006472341201655,13.823472413793104,0.9310344827586207,29
IND680712AAA,IND683511AAA,Carting,1.6125087943102647,10.646394444444445,0.8611111111111112,36
IND683511AAA,IND000000ABA,Carting,1.0921148995337124,9.884734042553191,0.44680851063829785,47
IND683511AAA,IND000000ADM,Carting,1.318718671679198,8.048944736842104,0.5526315789473685,38
IND683511AAA,IND562132AAA,FTL,1.7242088922172516,34.87621625,0.69375,160
IND683511AAA,IND680012AAA,Carting,1.4027964615920905,12.409678181818181,0.5454545454545454,55
IND683511AAA,IND68004AAA,FTL,7.232431485522835,23.364743333333333,0.8,30
IND683511AAA,IND680104AAA,FTL,1.4538740784308082,25.8788375,0.7291666666666666,48
IND683511AAA,IND686028AAB,FTL,2.304916778815944,28.860385714285712,0.9047619047619048,21
IND683565AAA,IND683511AAA,Carting,1.8332488024795717,7.7479000000000005,0.9230769230769231,26
IND683572AAA,IND680307AAA,Carting,1.9758838383838382,7.6475681818181815,0.6818181818181818,22
IND685514AAA,IND625008AAA,FTL,1.5318820495954713,28.830993333333335,0.6666666666666666,45
IND686028AAB,IND686632AAA,FTL,6.095238095238095,21.2599,1.0,1
IND686028AAB,IND689101AAA,Carting,1.5519151138716354,9.504160869565217,0.7608695652173914,46
IND686507AAA,IND686513AAA,Carting,1.6091269841269842,6.918557142857144,0.5357142857142857,28
IND686507AAA,IND686540AAA,Carting,1.7305194805194803,13.35985,1.0,2
IND686513AAA,IND686507AAA,Carting,5.055555555555555,7.0229,1.0,2
IND686513AAA,IND686540AAA,Carting,2.4889524827024827,13.3749625,1.0,24
IND686540AAA,IND686028AAB,Carting,1.9280844155844155,9.867075,1.0,4
IND686632AAA,IND686141AAA,FTL,2.5,21.8507,1.0,1
IND688009AAA,IND686028AAB,Carting,3.5405840172062155,17.559677272727274,1.0,44
IND688524AAA,IND683511AAA,FTL,2.459891027936141,18.063866666666666,1.0,21
IND689101AAA,IND689650AAA,Carting,1.4695733559369921,9.01550909090909,0.6363636363636364,11
IND689101AAA,IND690548AAA,Carting,1.0384085611358338,9.143227272727273,0.7272727272727273,11
IND689503AAB,IND683511AAA,FTL,2.1765670392825567,26.2077,1.0,5
IND689645AAA,IND691551AAA,Carting,1.2480768167053446,16.936743333333332,0.4,30
IND689650AAA,IND690548AAA,Carting,1.8923992673992673,10.711525,0.9166666666666666,12
IND690537AAA,IND689503AAB,FTL,2.0714285714285716,28.2977,1.0,1
IND690548AAA,IND688009AAA,Carting,1.289898866565533,9.429133333333333,0.5111111111111111,45
IND691001AAB,IND683511AAA,FTL,1.376904695801135,23.54306507936508,0.6825396825396826,63
IND691001AAB,IND690573AAA,FTL,0.5405405405405406,15.21725,0.0,2
IND691001AAB,IND691506AAA,Carting,1.5281443466927338,7.942708064516129,0.7419354838709677,62
IND691001AAB,IND695012AAA,FTL,1.3150230414746544,21.179599999999997,1.0,3
IND691305AAA,IND689645AAA,Carting,2.4008225108225107,9.591264444444445,1.0,45
IND691305AAA,IND691551AAA,Carting,2.1333333333333333,17.09,0.6666666666666666,3
IND691506AAA,IND691305AAA,Carting,1.5875321155808964,8.69480243902439,0.9512195121951219,41
IND691551AAA,IND691001AAB,Carting,2.550542783611669,12.125302702702703,0.918918918918919,74
IND691574AAA,IND695614AAA,Carting,1.7272937380080235,10.703235714285714,0.9761904761904762,42
IND695012AAA,IND691001AAB,FTL,1.5114725123270267,21.106713888888887,0.6111111111111112,36
IND695012AAA,IND695101AAB,Carting,1.1724386724386724,8.9557,0.3333333333333333,6
IND695012AAB,IND695012AAA,Carting,3.636796536796537,14.072233333333331,1.0,3
IND695101AAB,IND691574AAA,Carting,1.37158269081346,7.336676923076923,0.48717948717948717,39
IND695101AAB,IND695012AAA,Carting,5.7136591478696745,20.218433333333333,1.0,3
IND695121AAA,IND695541AAA,Carting,1.7174603174603174,9.4763,0.6666666666666666,3
IND695121AAA,IND695572AAB,Carting,1.5025538187302894,6.447670588235294,0.6764705882352942,34
IND695541AAA,IND695012AAA,Carting,3.1333333333333333,14.8704,1.0,1
IND695541AAA,IND695572AAB,Carting,1.4523809523809523,10.17075,0.5,2
IND695572AAB,IND000000AFJ,Carting,1.6785714285714286,11.6353,1.0,2
IND695572AAB,IND695541AAA,Carting,1.2167463805874736,9.737515384615385,0.46153846153846156,26
IND695582AAA,IND691574AAA,Carting,1.888095238095238,8.857825,0.25,4
IND695582AAA,IND695101AAB,Carting,1.334908293460925,9.83193157894737,0.34210526315789475,38
IND695609AAA,IND695012AAA,Carting,2.0521083854417186,11.088688888888889,1.0,9
IND695614AAA,IND695609AAA,Carting,4.13157894736842,7.952366666666667,0.6666666666666666,6
IND700026AAC,IND700065AAA,Carting,1.3026315789473684,7.081475,0.75,4
IND700026AAC,IND712311AAA,Carting,3.8963002585285196,16.35999,1.0,10
IND700028AAB,IND712311AAA,Carting,5.563325120193296,12.727173684210527,1.0,19
IND700053AAA,IND700136AAB,Carting,2.3076923076923075,15.2594,1.0,2
IND700053AAA,IND700144AAA,FTL,2.7082503556187767,29.30802,1.0,5
IND700053AAA,IND712311AAA,Carting,11.99666394335512,9.847744444444444,0.9444444444444444,18
IND700053AAA,IND743513AAA,Carting,3.2311056998557,10.407191666666668,1.0,12
IND700065AAA,IND700026AAC,Carting,1.5945723684210527,6.1726,0.75,4
IND700065AAA,IND712311AAA,Carting,5.338922263442724,13.598102173913043,1.0,46
IND700065AAB,IND712310AAA,Carting,5.513951973951974,11.380576666666666,1.0,30
IND700088AAA,IND712311AAA,Carting,3.559224014242074,10.039181481481481,0.9259259259259259,27
IND700136AAB,IND712311AAA,Carting,5.128151260504201,10.5695,1.0,3
IND700136AAG,IND712310AAA,Carting,4.931458760537708,10.899354,0.94,50
IND700144AAA,IND743395AAA,FTL,3.036309523809524,22.153100000000002,1.0,4
IND711303AAA,IND721134AAB,Carting,1.315116719899741,24.02905,0.5,34
IND712103AAA,IND712124AAA,Carting,1.1818181818181819,5.7077,0.5,2
IND712103AAA,IND712310AAE,Carting,3.3617978512715356,10.698597368421053,1.0,76
IND712124AAA,IND712103AAA,Carting,2.99589775304061,5.951214285714286,0.9387755102040817,49
IND712124AAA,IND712310AAE,Carting,5.956410256410257,10.91198,1.0,5
IND712310AAE,IND711303AAA,Carting,2.686010501843835,11.73474888888889,0.9222222222222223,90
IND712310AAE,IND711409AAA,Carting,0.59375,9.7895,0.0,2
IND712310AAE,IND712103AAA,Carting,3.6195286195286194,10.618,1.0,3
IND712310AAE,IND712124AAA,Carting,4.068407703407703,9.586016666666668,0.9833333333333333,60
IND712311AAA,IND000000ACB,FTL,1.9167576129350494,32.45491124620061,0.7644376899696048,658
IND712311AAA,IND421302AAG,FTL,2.2190626983112463,31.59531524064171,0.8689839572192514,374
IND712311AAA,IND700026AAC,Carting,2.923514022501912,11.68010588235294,0.9882352941176471,85
IND712311AAA,IND700028AAB,Carting,4.415667303710782,9.767765217391304,1.0,46
IND712311AAA,IND700053AAA,Carting,3.166385421302175,10.658016279069766,0.813953488372093,43
IND712311AAA,IND700065AAA,Carting,4.3830049261083746,10.659972413793104,1.0,58
IND712311AAA,IND700088AAA,Carting,4.3801515388775005,11.36132530120482,0.8795180722891566,83
IND712311AAA,IND712310AAE,Carting,1.6666666666666667,12.8884,1.0,1
IND712311AAA,IND712410AAC,FTL,7.496000448218853,25.02395882352941,0.8235294117647058,17
IND712311AAA,IND713103AAA,FTL,2.0173764777134893,23.52177142857143,0.8571428571428571,21
IND712311AAA,IND713145AAB,FTL,1.573236715670302,28.746008333333332,0.8333333333333334,12
IND712311AAA,IND713205AAB,FTL,2.6924952102371766,23.934014666666666,0.96,75
IND712311AAA,IND721306AAA,FTL,2.050675870227071,29.47832794117647,0.9264705882352942,68
IND712311AAA,IND732103AAB,FTL,2.8224540169045893,26.071758333333335,1.0,36
IND712311AAA,IND742101AAC,FTL,2.5981757552896148,30.83760625,0.984375,64
IND712311AAA,IND742102AAB,FTL,3.034741704098806,30.8173875,1.0,24
IND712311AAA,IND743235AAA,FTL,2.9555059523809524,20.017675,1.0,20
IND712311AAA,IND751002AAB,FTL,2.050507337398759,30.77631206140351,0.8267543859649122,456
IND712311AAA,IND781018AAB,FTL,3.0517522336574463,44.46697684729064,0.9901477832512315,203
IND712311AAA,IND821115AAB,FTL,1.4093467314451031,39.61805652173913,0.6521739130434783,23
IND712311AAA,IND826004AAA,FTL,1.6219377400293218,30.06301315789474,0.6578947368421053,76
IND712311AAA,IND834002AAB,FTL,1.947168372109232,43.12585680473373,0.8047337278106509,169
IND712406AAA,IND712602AAA,FTL,2.11280591641123,30.102,1.0,3
IND712406AAA,IND712612AAA,FTL,2.7894736842105265,21.7705,1.0,2
IND712410AAC,IND712406AAA,FTL,4.76123493536844,18.649525,0.6666666666666666,12
IND712602AAA,IND712311AAA,FTL,2.603448275862069,30.70545,0.5,2
IND712602AAA,IND722154AAA,FTL,2.5576923076923075,14.558325,0.75,4
IND712612AAA,IND722154AAA,FTL,1.567017543859649,21.076166666666666,1.0,3
IND713103AAA,IND713205AAB,FTL,1.644094918669222,18.38314666666667,0.8,15
IND713128AAB,IND731204AAB,FTL,3.2003598740440844,24.789476923076922,1.0,13
IND713128AAB,IND731301AAA,FTL,3.957070707070707,20.386983333333333,1.0,6
IND713130AAA,IND741123AAB,Carting,2.4835047688377063,14.830895238095238,0.9880952380952381,84
IND713130AAA,IND741126AAB,Carting,3.0022727272727274,20.426475,0.75,4
IND713145AAB,IND741101AAB,FTL,2.041501976284585,18.8687,1.0,2
IND713145AAB,IND741316AAA,FTL,1.0609903381642514,17.324566666666666,0.6666666666666666,3
IND713148AAA,IND713128AAB,FTL,3.353598661686897,20.47264117647059,1.0,34
IND713205AAB,IND712311AAA,FTL,6.640135030424773,21.562031325301206,1.0,83
IND713205AAB,IND713148AAA,FTL,4.4259259259259265,22.627933333333335,1.0,3
IND713205AAB,IND713303AAA,FTL,3.575340909090909,18.197110000000002,1.0,10
IND713205AAB,IND722101AAA,Carting,2.7852380952380953,10.34106,1.0,10
IND713205AAB,IND722101AAB,Carting,6.73042273042273,17.410433333333334,0.3333333333333333,3
IND713205AAB,IND722101AAC,Carting,2.5652770562770564,10.404828,0.92,25
IND713205AAB,IND722122AAA,Carting,2.282159028710753,13.401133333333334,1.0,6
IND713205AAB,IND722143AAB,FTL,4.316043624652321,29.60605,1.0,10
IND713205AAB,IND722202AAA,Carting,4.28814935064935,8.20835,1.0,8
IND713205AAB,IND723130AAA,FTL,2.1648621967401134,29.0459,0.875,8
IND713205AAB,IND723133AAA,FTL,1.9703703703703705,28.1887,1.0,3
IND713303AAA,IND713364AAB,FTL,3.865468409586057,23.349016666666667,1.0,6
IND713364AAB,IND712311AAA,FTL,2.242698380482936,48.579948076923074,0.9423076923076923,52
IND721102AAA,IND712311AAA,FTL,5.960248444623952,81.327295,0.95,20
IND721133AAA,IND721434AAB,FTL,2.9214132641551993,27.83065,1.0,4
IND721134AAB,IND712310AAE,Carting,1.9851351351351352,17.230249999999998,1.0,4
IND721134AAB,IND721139AAC,Carting,1.8058035714285714,9.780459375,0.90625,32
IND721139AAC,IND721602AAB,Carting,1.6391355088664987,21.975275,0.3333333333333333,12
IND721139AAC,IND721636AAB,Carting,1.8678929765886287,23.545333333333332,0.6666666666666666,3
IND721212AAA,IND712310AAE,Carting,2.3501336973211973,13.47095625,0.975,80
IND721253AAC,IND721306AAA,FTL,4.756012039620034,18.131609677419352,1.0,31
IND721253AAC,IND721501AAC,FTL,1.788931788931789,33.70366666666667,1.0,3
IND721306AAA,IND721102AAA,FTL,2.7444444444444445,18.8609,1.0,5
IND721306AAA,IND721133AAA,FTL,2.167763157894737,19.788800000000002,1.0,2
IND721306AAA,IND721253AAC,FTL,2.9473684210526314,17.67546666666667,1.0,3
IND721306AAA,IND721507AAA,FTL,2.68585050532991,25.288923076923076,1.0,26
IND721401AAA,IND721306AAA,FTL,1.8768452742909265,22.8696875,1.0,8
IND721434AAB,IND721401AAA,FTL,2.4613095238095237,24.863825,1.0,4
IND721501AAC,IND721253AAC,FTL,1.7262361678109848,30.18481,0.85,20
IND721501AAC,IND721306AAA,FTL,2.155221992178514,24.62535,1.0,4
IND721602AAB,IND721139AAC,Carting,1.3549056132283033,11.39525,0.6923076923076923,26
IND721636AAB,IND721602AAB,Carting,1.0892196468548536,14.423566666666666,0.5555555555555556,9
IND722101AAA,IND722122AAA,Carting,1.8658730158730157,9.125674074074075,0.8888888888888888,27
IND722101AAB,IND713205AAB,Carting,1.500974025974026,10.12026,1.0,5
IND722122AAA,IND713205AAB,Carting,1.8810205547397563,14.202081632653062,0.9183673469387755,49
IND722140AAA,IND722151AAA,FTL,2.0676756490709978,23.190694444444446,0.1111111111111111,18
IND722140AAA,IND723130AAA,FTL,19.130434782608695,77.2476,1.0,1
IND722143AAB,IND723133AAA,FTL,1.52379253319507,22.59395,0.8,20
IND722151AAA,IND723130AAA,FTL,10.85948313701275,71.09548,1.0,10
IND722154AAA,IND712311AAA,FTL,3.940128836680561,31.047366666666665,1.0,3
IND722154AAA,IND712602AAA,FTL,3.0,15.55685,1.0,2
IND722202AAA,IND713205AAB,Carting,2.375,10.0865,1.0,2
IND722202AAA,IND722101AAC,Carting,1.4844973544973545,8.627346666666666,0.8,15
IND723101AAA,IND723202AAA,FTL,1.918970963651499,23.10252142857143,0.9642857142857143,28
IND723130AAA,IND723101AAA,FTL,3.7539651416122,15.31253,0.9666666666666667,30
IND723130AAA,IND723131AAA,FTL,2.081644719972246,18.55610909090909,0.2727272727272727,11
IND723131AAA,IND722140AAA,FTL,1.3971203975236233,33.92433333333333,0.8333333333333334,12
IND723133AAA,IND723130AAA,FTL,1.8469441275615364,15.28201923076923,0.5,26
IND723202AAA,IND713205AAB,FTL,2.344685807510969,25.007512244897956,0.9285714285714286,98
IND731204AAB,IND731301AAA,FTL,2.2972458310919848,19.68196923076923,1.0,13
IND731224AAA,IND742147AAA,Carting,2.9460149970845158,9.293169696969697,1.0,33
IND731237AAB,IND731224AAA,Carting,3.50855619688953,9.45412,1.0,45
IND731301AAA,IND713205AAB,FTL,1.890188872635618,26.55099090909091,0.9636363636363636,55
IND732103AAA,IND732138AAA,FTL,3.4095104895104895,20.069025,1.0,4
IND732103AAB,IND732123AAC,Carting,3.2800396825396825,20.51466,0.8,5
IND732103AAB,IND732202AAA,Carting,7.446428571428572,7.895379166666667,1.0,24
IND732103AAB,IND733128AAA,Carting,3.1861772486772484,10.315394444444443,1.0,36
IND732123AAC,IND732139AAA,Carting,1.3452380952380953,5.8811,1.0,2
IND732138AAA,IND733102AAA,FTL,1.902106227106227,36.149275,1.0,4
IND732138AAA,IND733124AAA,Carting,2.201686507936508,10.0236875,1.0,8
IND732138AAA,IND733124AAA,FTL,1.75,20.678649999999998,1.0,2
IND732138AAA,IND733140AAA,Carting,2.7787037037037035,10.721322222222222,1.0,9
IND732139AAA,IND732103AAB,Carting,3.532835356364768,17.387016666666668,0.8333333333333334,6
IND732139AAA,IND732123AAC,Carting,2.1470588235294117,6.396,1.0,2
IND732202AAA,IND732204AAB,Carting,2.9537337662337664,10.155063636363638,1.0,22
IND732204AAB,IND732123AAC,Carting,1.8434439973172367,23.155916666666666,0.5,6
IND732204AAB,IND732139AAA,Carting,0.7842887144416631,28.771866666666668,0.3333333333333333,12
IND733102AAA,IND732103AAB,Carting,2.3384831218164552,13.234122222222222,0.8888888888888888,9
IND733128AAA,IND733129AAB,Carting,2.3584096459096457,13.3363625,1.0,8
IND733128AAA,IND733134AAA,Carting,1.9777777777777779,8.905106666666667,1.0,15
IND733129AAA,IND732103AAB,Carting,3.472559718331777,11.394158333333332,0.75,24
IND733129AAB,IND733129AAA,Carting,1.651144781144781,8.213213333333334,0.6666666666666666,15
IND733134AAA,IND733129AAB,Carting,1.3712682379349046,7.831155555555556,0.6666666666666666,9
IND733140AAA,IND732103AAA,FTL,2.9264992546726294,25.9605,1.0,3
IND733140AAA,IND733102AAA,Carting,2.182440476190476,8.717733333333333,0.9583333333333334,24
IND733140AAA,IND733102AAA,FTL,0.75,16.53995,0.5,2
IND733201AAA,IND733202AAB,FTL,1.8183006535947712,23.084733333333332,0.6666666666666666,3
IND733202AAB,IND733210AAA,FTL,1.3225806451612903,30.623,1.0,1
IND733202AAC,IND733210AAA,FTL,2.1538461538461537,25.6387,1.0,1
IND734214AAB,IND000000AFF,FTL,3.1153846153846154,41.025933333333334,1.0,3
IND735224AAA,IND736146AAA,FTL,2.189963768115942,19.559858333333334,0.75,24
IND736135AAA,IND736101AAA,FTL,2.072803657694962,22.503983333333334,1.0,6
IND736135AAA,IND736165AAA,FTL,2.6234289044289048,19.24038,1.0,10
IND736146AAA,IND736135AAA,FTL,1.7695780399495056,28.5376375,0.875,16
IND741101AAB,IND741502AAB,FTL,2.6666666666666665,16.7734,1.0,1
IND741121AAA,IND741201AAC,FTL,2.789473684210526,20.7476,1.0,1
IND741123AAB,IND741126AAB,Carting,2.359696975597437,14.817300000000001,0.9811320754716981,53
IND741126AAB,IND741156AAA,Carting,3.864087301587302,7.975873333333333,0.8,60
IND741156AAA,IND742101AAC,Carting,3.6605097860515814,9.487481578947367,0.9473684210526315,38
IND741156AAA,IND742102AAB,Carting,4.387690642690643,8.910695384615385,0.9846153846153847,65
IND741165AAB,IND742121AAB,Carting,2.282657756776998,52.32750333333333,0.5,30
IND741201AAC,IND712311AAA,FTL,15.179824561403509,80.15415,1.0,4
IND742101AAC,IND712311AAA,FTL,2.770485611824171,33.240801886792454,1.0,53
IND742101AAC,IND713130AAA,Carting,1.6423226400599957,18.84237142857143,0.8571428571428571,21
IND742101AAC,IND731237AAB,Carting,2.971641156462585,9.934921428571428,1.0,28
IND742101AAC,IND741123AAB,Carting,2.441152287428883,20.5448,1.0,10
IND742101AAC,IND742202AAA,FTL,2.5407636738906088,20.954175,1.0,4
IND742101AAC,IND742303AAB,Carting,2.9082482993197276,9.580303571428571,0.7857142857142857,28
IND742102AAB,IND712311AAA,FTL,2.666576096941761,31.179409375,0.96875,32
IND742102AAB,IND713130AAA,Carting,3.207519161773434,19.45491348314607,0.8651685393258427,89
IND742102AAB,IND731237AAB,Carting,3.0856317293817295,10.424518181818183,1.0,44
IND742102AAB,IND742121AAB,Carting,5.603950159066808,44.229375,0.75,4
IND742102AAB,IND742303AAB,Carting,2.3405541267243395,9.718370212765958,0.7446808510638298,47
IND742121AAA,IND742101AAC,Carting,4.29863394181576,13.095209090909092,1.0,11
IND742121AAA,IND742102AAB,Carting,3.656827838827839,11.956788,0.96,25
IND742121AAB,IND742101AAC,Carting,3.5607142857142855,10.248925,1.0,4
IND742121AAB,IND742121AAA,Carting,3.3210069444444446,7.3147062499999995,1.0,32
IND742137AAA,IND742401AAA,Carting,3.021956746956747,8.915272222222221,1.0,18
IND742147AAA,IND742137AAA,Carting,1.7298039215686274,9.37704,1.0,5
IND742148AAA,IND742225AAA,Carting,4.407638888888889,7.009310416666666,0.9375,48
IND742149AAA,IND742148AAA,Carting,3.3751533189033194,9.345895454545454,0.9772727272727273,44
IND742149AAA,IND742225AAA,Carting,4.189177489177489,10.98882,1.0,5
IND742202AAA,IND712311AAA,FTL,2.800421405080848,25.48811,0.95,20
IND742202AAA,IND732103AAA,FTL,4.571207430340557,25.594250000000002,1.0,2
IND742223AAA,IND742226AAA,Carting,5.1155092162503175,12.104909230769232,0.49230769230769234,65
IND742225AAA,IND742223AAA,Carting,4.872209821428571,6.9671,1.0,32
IND742226AAA,IND742101AAC,Carting,2.07193142370478,11.7378,0.7647058823529411,17
IND742226AAA,IND742102AAB,Carting,2.458519258078677,11.1007,0.7692307692307693,39
IND742303AAB,IND741165AAB,Carting,3.2832092675842675,13.326566666666666,1.0,72
IND742401AAA,IND742101AAC,Carting,2.6475793659868234,20.668188,0.76,25
IND742401AAA,IND742102AAB,Carting,2.4069048157532746,21.201425,0.8035714285714286,56
IND743235AAA,IND743270AAA,FTL,2.2312013694366635,18.191133333333333,1.0,6
IND743270AAA,IND712311AAA,FTL,15.364718720162122,98.7449,1.0,5
IND743347AAA,IND700053AAA,Carting,3.4014148792470995,10.71947755102041,0.9795918367346939,49
IND743395AAA,IND700053AAA,FTL,3.13262853730834,35.144642857142856,1.0,7
IND743513AAA,IND743347AAA,Carting,2.0021847328298943,9.889820967741935,0.967741935483871,62
IND751002AAB,IND530012AAA,FTL,1.920402647129074,26.640673295454544,0.8977272727272727,176
IND751002AAB,IND562132AAA,FTL,2.1526151017049315,29.028971529745043,0.9291784702549575,706
IND751002AAB,IND712311AAA,FTL,2.3998660227143387,26.08167095238095,0.9261904761904762,420
IND751002AAB,IND754103AAA,FTL,9.567957752849525,37.11476363636364,1.0,11
IND751002AAB,IND756100AAC,FTL,1.8756871204973797,25.17219833333333,0.9666666666666667,60
IND751002AAB,IND760003AAB,FTL,2.562543342793895,23.9542625,0.8020833333333334,96
IND751014AAA,IND751002AAB,Carting,3.216269841269841,5.9969222222222225,0.6666666666666666,9
IND751015AAA,IND751002AAB,Carting,1.4523809523809526,6.7983,0.6666666666666666,6
IND751015AAA,IND752050AAA,Carting,1.5833333333333335,7.5475,1.0,2
IND751015AAA,IND752055AAA,Carting,2.000793650793651,8.798383333333334,1.0,6
IND751015AAA,IND752056AAA,Carting,2.1748556998556996,8.723199999999999,0.8888888888888888,18
IND751021AAA,IND751002AAB,Carting,3.2,14.1166,1.0,1
IND752030AAA,IND754022AAA,FTL,1.6,12.7568,1.0,2
IND752050AAA,IND751002AAB,Carting,1.7453703703703702,10.390483333333334,0.6666666666666666,6
IND752050AAA,IND752056AAA,Carting,2.3333333333333335,9.6907,1.0,1
IND752055AAA,IND751002AAB,Carting,1.5678571428571428,11.458475,0.75,4
IND752055AAA,IND752050AAA,Carting,1.0,19.4503,0.0,1
IND752056AAA,IND751002AAB,Carting,2.0476190476190474,9.0929,1.0,3
IND754022AAA,IND751002AAB,FTL,1.7813375350140055,23.066683333333334,0.8333333333333334,6
IND754103AAA,IND754142AAA,FTL,1.5072463768115945,19.055266666666668,0.6666666666666666,3
IND754142AAA,IND754211AAA,FTL,1.4848148148148148,18.757975000000002,0.5,4
IND754160AAA,IND754142AAA,FTL,1.0,15.449,0.5,2
IND754202AAA,IND751002AAB,FTL,8.833333333333332,19.329800000000002,1.0,2
IND754211AAA,IND754202AAA,FTL,1.303030303030303,18.06305,0.5,2
IND756019AAA,IND756029AAA,FTL,1.3157894736842106,27.9843,1.0,1
IND756019AAA,IND756032AAA,FTL,1.3420479302832244,17.108433333333334,0.6666666666666666,3
IND756019AAA,IND757001AAA,FTL,2.6618589743589745,21.843333333333334,1.0,3
IND756019AAA,IND757025AAA,FTL,2.4372441520467834,13.81749375,0.5625,16
IND756019AAA,IND757041AAA,FTL,1.0462121212121211,38.1733,0.5,2
IND756029AAA,IND712311AAA,FTL,1.838564612172758,26.4007125,1.0,8
IND756032AAA,IND712311AAA,FTL,3.040974686372256,27.17977777777778,0.9841269841269841,63
IND756045AAB,IND756019AAA,FTL,1.6875,23.0528,1.0,1
IND756100AAC,IND756045AAB,FTL,1.2133333333333334,21.3146,0.5,2
IND756100AAC,IND757037AAA,FTL,1.5239938895912348,54.647725,0.75,4
IND756100AAC,IND758001AAA,FTL,6.865815369997354,42.55867142857143,0.8095238095238095,21
IND756100AAC,IND758034AAA,FTL,2.693341449299237,40.96113580246914,0.8395061728395061,81
IND757001AAA,IND757041AAA,FTL,2.142401458190932,18.57824,1.0,5
IND757024AAA,IND756019AAA,FTL,1.8659680088251518,43.8951,1.0,2
IND757025AAA,IND757001AAA,FTL,3.5394830659536543,13.463172727272728,0.9090909090909091,11
IND757037AAA,IND756100AAC,FTL,2.5605340756935346,39.36061016949152,0.7966101694915254,59
IND757037AAA,IND758001AAA,FTL,1.6972727272727273,28.226399999999998,1.0,2
IND757041AAA,IND756019AAA,FTL,2.407490514633372,32.71777142857143,0.7142857142857143,7
IND757041AAA,IND757001AAA,FTL,1.7198067632850242,22.482599999999998,1.0,2
IND758001AAA,IND757037AAA,FTL,1.7857525076307326,27.578950000000003,1.0,6
IND758001AAA,IND758035AAA,FTL,1.9835972761111071,23.629555555555555,0.8888888888888888,9
IND758034AAA,IND756100AAC,FTL,1.8549804692661833,38.81241428571428,0.8571428571428571,7
IND758034AAA,IND757037AAA,FTL,1.988619648016811,40.20225,1.0,6
IND758034AAA,IND758001AAA,FTL,2.1993620414673045,21.421833333333336,1.0,3
IND758035AAA,IND758001AAA,FTL,1.1422222222222222,22.703366666666664,0.6666666666666666,3
IND759122AAC,IND767017AAA,Carting,1.9028653885796742,26.592899999999997,0.9285714285714286,14
IND760003AAB,IND754022AAA,FTL,2.4612280701754385,20.63624,1.0,5
IND760003AAB,IND761020AAA,FTL,2.5,20.2236,1.0,1
IND761200AAA,IND532001AAB,FTL,2.3210140775677863,23.926325000000002,0.9722222222222222,36
IND762001AAA,IND759122AAC,Carting,5.476179210380011,40.839572727272724,0.6363636363636364,11
IND764001AAC,IND764059AAA,Carting,4.270215419501134,8.80922,0.9428571428571428,35
IND764020AAC,IND764001AAC,Carting,1.125,8.5662,0.5,2
IND764059AAA,IND764071AAB,Carting,2.845238095238095,6.321266666666666,1.0,6
IND764071AAB,IND530012AAA,Carting,2.654075500761809,24.281460714285714,0.8571428571428571,28
IND764071AAB,IND764073AAA,Carting,1.8885040885040885,15.62685,0.8333333333333334,6
IND767001AAA,IND762001AAA,Carting,2.70929878975856,18.863677777777777,1.0,9
IND767001AAA,IND767017AAA,FTL,2.3377814088598403,16.531666666666666,0.7777777777777778,9
IND767017AAA,IND767001AAA,Carting,2.843434343434344,8.249433333333334,0.8333333333333334,6
IND767017AAA,IND768004AAD,FTL,2.112064710651667,21.785075,1.0,8
IND768004AAD,IND768028AAA,FTL,2.6666666666666665,24.519425,1.0,4
IND768004AAD,IND768028AAB,FTL,2.58125,22.04615,1.0,2
IND768028AAA,IND767001AAA,FTL,1.943161231884058,66.25485,0.75,4
IND768028AAB,IND767001AAA,FTL,2.6869668974147034,66.24477499999999,0.75,4
IND768201AAA,IND770001AAA,FTL,8.333333333333334,16.1644,1.0,2
IND768216AAA,IND770001AAA,FTL,2.5591652554961377,20.92497,0.7,10
IND770001AAA,IND770017AAB,FTL,1.6097654391381302,21.80802222222222,0.7222222222222222,18
IND781001AAA,IND781018AAB,Carting,4.167870299635005,15.38681,0.8,20
IND781003AAA,IND781018AAB,Carting,4.101254138018844,14.114366666666667,1.0,6
IND781005AAA,IND781018AAB,Carting,2.3410287639776803,17.23292,0.6,20
IND781014AAA,IND781102AAA,Carting,2.4943001443001442,11.7306375,1.0,8
IND781014AAA,IND781124AAA,Carting,2.1265608465608468,8.908923333333332,0.8,30
IND781018AAA,IND781018AAB,Carting,1.0629084967320261,34.0619,0.5,2
IND781018AAB,IND110037AAM,FTL,2.1067785833154025,34.396474670184695,0.8830255057167986,1137
IND781018AAB,IND712311AAA,FTL,3.07770044784356,41.79393154362416,0.9865771812080537,149
IND781018AAB,IND781003AAA,Carting,2.3761110185852954,24.03102857142857,0.7142857142857143,14
IND781018AAB,IND781005AAA,Carting,3.505597643097643,22.756266666666665,0.5,12
IND781018AAB,IND781022AAA,Carting,2.396569177056982,21.086188888888888,0.5,18
IND781018AAB,IND781102AAA,Carting,1.5333333333333332,16.367266666666666,0.6666666666666666,3
IND781018AAB,IND781354AAA,FTL,1.7611436784128096,32.50323125,1.0,16
IND781018AAB,IND784001AAA,FTL,1.900213812070936,34.34337083333333,0.9583333333333334,24
IND781018AAB,IND784125AAA,FTL,1.774999301714988,26.866091666666666,0.9166666666666666,12
IND781018AAB,IND784168AAB,FTL,3.0771657314241487,37.404375,1.0,8
IND781018AAB,IND785001AAA,FTL,2.0565346730797582,30.961716666666664,0.875,24
IND781018AAB,IND785612AAB,FTL,6.940024347076741,26.77325,1.0,20
IND781018AAB,IND785621AAA,FTL,1.8853229380776524,32.67944545454545,0.9090909090909091,11
IND781018AAB,IND788026AAC,FTL,2.738856605642958,44.96817802197803,0.967032967032967,91
IND781018AAB,IND793001AAA,FTL,2.1384747151654486,43.91144827586207,0.896551724137931,29
IND781022AAA,IND781018AAB,Carting,2.9398658316640103,17.535720833333333,0.5833333333333334,24
IND781102AAA,IND781018AAB,Carting,2.8970588235294117,25.916366666666665,0.6666666666666666,3
IND781124AAA,IND781018AAB,Carting,3.7551569418089814,12.05488125,0.875,16
IND781335AAA,IND000000AET,FTL,1.895367015566291,23.07298333333333,0.9166666666666666,12
IND781354AAA,IND781335AAA,FTL,3.1333333333333333,19.553350000000002,1.0,2
IND783129AAA,IND794101AAA,FTL,2.0809525460555207,33.6487,1.0,4
IND783301AAA,IND783348AAA,FTL,2.1335362006414638,21.622,1.0,22
IND783348AAA,IND783129AAA,FTL,1.737154497583783,41.434200000000004,1.0,30
IND783370AAB,IND783301AAA,FTL,2.291269841269841,22.115966666666665,1.0,6
IND783370AAC,IND783301AAA,FTL,3.803786447792833,23.25984166666667,0.9583333333333334,24
IND784001AAA,IND784101AAA,Carting,11.166666666666666,7.218333333333334,1.0,3
IND784001AAA,IND784168AAB,FTL,2.1099362990810357,32.774125,1.0,4
IND784001AAA,IND790114AAA,Carting,4.0,15.08835,1.0,4
IND784001AAA,IND791111AAC,FTL,2.366985602939391,33.55678666666667,1.0,15
IND784101AAA,IND790114AAA,Carting,1.502849002849003,11.820066666666667,1.0,3
IND784110AAA,IND781018AAB,FTL,2.1433805100987766,34.051585714285714,0.42857142857142855,7
IND784110AAA,IND784001AAA,FTL,3.3375000000000004,17.71975,1.0,4
IND784125AAA,IND784110AAA,FTL,2.4337274054921116,23.98473333333333,1.0,9
IND784168AAB,IND784176AAA,FTL,2.823451759444748,20.497917647058824,0.9411764705882353,17
IND784168AAB,IND791111AAC,FTL,2.348478260869565,18.0233,0.75,4
IND784176AAA,IND781018AAB,FTL,2.340768162864692,33.687696875,0.9375,32
IND785001AAA,IND785112AAC,Carting,2.4574074074074073,8.954888888888888,1.0,9
IND785001AAA,IND785682AAA,FTL,3.80953273459987,20.46956666666667,1.0,33
IND785001AAA,IND798601AAA,Carting,5.515224756569294,14.799414285714287,1.0,7
IND785112AAC,IND785001AAA,Carting,15.085526315789474,28.3002,1.0,2
IND785112AAC,IND785634AAA,Carting,2.7206289081289086,13.563433333333334,0.8333333333333334,6
IND785612AAB,IND781018AAB,FTL,2.1420206184138073,26.162544444444443,1.0,9
IND785612AAB,IND785621AAA,FTL,1.7110389610389611,24.390900000000002,1.0,2
IND785621AAA,IND785001AAA,FTL,1.732701849807113,24.592383333333334,1.0,6
IND785634AAA,IND785001AAA,Carting,31.108333333333334,20.0,1.0,3
IND785675AAA,IND785612AAB,FTL,2.2230760050308924,24.6316,1.0,7
IND785682AAA,IND785690AAB,Carting,3.0784210526315787,10.78555,1.0,10
IND785682AAA,IND786001AAB,FTL,2.1380986911639086,29.357129999999998,1.0,30
IND785690AAB,IND785682AAA,Carting,3.7040066500908666,12.018674285714285,0.9714285714285714,70
IND786001AAB,IND785675AAA,FTL,3.098148148148148,21.368783333333337,0.8333333333333334,6
IND786001AAB,IND786125AAA,Carting,1.8738095238095238,8.338280000000001,0.8,5
IND786001AAB,IND786171AAA,Carting,2.5196521413313513,14.829449438202246,0.7865168539325843,89
IND786001AAB,IND786184AAA,Carting,2.2179802955665022,6.9623103448275865,0.6551724137931034,29
IND786001AAB,IND786190AAA,Carting,1.7569160997732425,9.778171428571428,0.8571428571428571,7
IND786001AAB,IND786602AAA,Carting,1.6393926097051097,10.022520833333333,0.8541666666666666,48
IND786001AAB,IND792103AAB,Carting,2.1635531135531134,12.07084,0.9,10
IND786125AAA,IND786190AAA,Carting,6.867738095238096,7.800185000000001,0.95,20
IND786171AAA,IND786181AAC,Carting,2.604402872260015,6.992209523809524,0.7619047619047619,21
IND786181AAC,IND786001AAB,Carting,2.3826041093673576,16.15710283018868,0.8113207547169812,106
IND786181AAC,IND792120AAB,Carting,8.628994637710532,16.461942307692308,0.8461538461538461,26
IND786181AAC,IND792121AAB,Carting,4.12958152958153,10.357329545454546,1.0,44
IND786184AAA,IND786125AAA,Carting,2.632178932178932,9.503818181818183,0.9090909090909091,11
IND786184AAA,IND786190AAA,Carting,1.5125420875420876,9.7188,0.7777777777777778,9
IND786190AAA,IND786001AAB,Carting,2.0241187384044528,9.593328571428572,0.7142857142857143,7
IND786190AAA,IND792103AAB,Carting,2.3322290953418405,12.22313611111111,0.8888888888888888,36
IND787001AAA,IND787057AAA,FTL,4.03151800966923,22.31962916666667,1.0,24
IND787057AAA,IND787059AAB,FTL,2.292277591973244,27.51596,1.0,10
IND787059AAB,IND791102AAA,FTL,3.2243606138107417,24.64895,1.0,4
IND788026AAC,IND781018AAB,FTL,3.1384851648440883,40.64914630872484,0.9463087248322147,149
IND788026AAC,IND788121AAA,FTL,3.525,14.658975,0.5,4
IND788026AAC,IND788151AAA,FTL,4.235420489836251,25.32695625,1.0,16
IND788026AAC,IND799250AAA,FTL,4.336104209799862,28.695675,1.0,4
IND788121AAA,IND796081AAA,FTL,3.591582878765541,24.013144444444446,1.0,9
IND788151AAA,IND788713AAA,FTL,3.642501059050515,24.268695833333336,1.0,24
IND788151AAA,IND788806AAA,FTL,2.611111111111111,25.9829,1.0,1
IND788713AAA,IND788026AAC,FTL,12.033333333333333,43.217,1.0,1
IND788713AAA,IND788806AAA,FTL,3.0693223443223445,19.7549,1.0,10
IND788806AAA,IND788026AAC,FTL,4.74708605664488,23.226122222222223,1.0,9
IND788806AAA,IND788713AAA,FTL,4.230769230769231,19.7019,1.0,1
IND790001AAB,IND784001AAA,Carting,6.2273486134691565,19.237125,1.0,8
IND791102AAA,IND784168AAB,FTL,2.5604298435482646,29.156760000000002,1.0,10
IND791109AAA,IND787001AAA,FTL,3.882591093117409,23.44545,1.0,2
IND791110AAA,IND787001AAA,FTL,3.607638888888889,24.49105,1.0,2
IND791125AAB,IND791102AAA,FTL,2.0346229403019094,27.2079375,1.0,16
IND792001AAA,IND786001AAB,Carting,1.7881586362355593,17.156207692307692,0.7692307692307693,13
IND792001AAA,IND792110AAA,Carting,1.169326645386837,30.923724999999997,0.75,4
IND792103AAB,IND792001AAA,Carting,1.5792991112092236,37.58916,0.7333333333333333,45
IND792110AAA,IND786001AAB,Carting,2.756807081807082,11.649930769230771,0.7692307692307693,26
IND792120AAB,IND786181AAC,Carting,2.3110924163555744,17.439325,0.75,8
IND792121AAB,IND786181AAC,Carting,10.418393754238812,18.35684,0.88,25
IND792130AAB,IND786001AAB,Carting,3.2929479696197066,12.125327906976743,0.9651162790697675,86
IND793001AAA,IND781018AAB,FTL,2.580562564246332,46.72944,0.8,5
IND793001AAA,IND793150AAA,FTL,2.3106781376518217,32.3579,1.0,4
IND793150AAA,IND781018AAB,FTL,2.3823863636363636,37.92228,0.8,5
IND794101AAA,IND781018AAB,FTL,2.541625812847974,26.650648611111112,1.0,72
IND796009AAA,IND796321AAB,FTL,6.569240578542904,57.313669230769236,1.0,13
IND796081AAA,IND788026AAC,FTL,2.2604166666666665,25.525825,0.75,4
IND796321AAB,IND796009AAA,FTL,5.614509061200238,61.78323333333333,0.8888888888888888,9
IND798601AAA,IND785001AAA,Carting,3.2942723787652257,21.560965,1.0,40
IND799250AAA,IND799008AAA,FTL,2.738289945936123,34.2649,1.0,5
IND801103AAA,IND802301AAA,FTL,3.0222816399286985,22.867536363636365,1.0,11
IND802101AAA,IND802119AAA,FTL,2.9508110936682366,18.21902857142857,1.0,14
IND802101AAA,IND802158AAB,FTL,2.4013914095583786,27.536533333333335,1.0,3
IND802119AAA,IND802158AAB,FTL,1.3526906690087397,30.161865625,0.59375,32
IND802158AAB,IND821115AAB,FTL,3.2415705104704218,23.809835,0.85,40
IND802212AAA,IND821115AAB,FTL,54.680181277056285,22.2123,0.7857142857142857,14
IND802213AAB,IND802212AAA,FTL,3.5341993464052286,20.46022,1.0,5
IND802301AAA,IND804401AAA,FTL,2.4541831361157653,45.90978,0.65,20
IND803101AAA,IND805110AAD,FTL,2.578713429816371,16.092222222222222,1.0,18
IND803116AAA,IND803108AAB,FTL,2.4816353589430515,20.519115384615382,1.0,26
IND803213AAA,IND803212AAB,FTL,2.7650800668042046,32.420325,1.0,4
IND803213AAA,IND811105AAA,FTL,2.1278659611992947,27.783216666666664,1.0,6
IND804420AAA,IND803101AAA,FTL,4.000504207121854,18.395654545454544,1.0,33
IND804452AAA,IND804420AAA,FTL,3.1136363636363638,17.1275,1.0,6
IND805110AAD,IND803116AAA,FTL,2.43787306430327,24.47071111111111,1.0,9
IND811105AAA,IND803212AAB,FTL,6.931386514719848,21.980666666666664,1.0,6
IND811201AAB,IND811213AAA,FTL,2.0461309523809526,17.104875,1.0,4
IND811201AAB,IND813213AAA,FTL,2.144230769230769,35.924475,1.0,4
IND811213AAA,IND811201AAB,FTL,2.975,17.096799999999998,1.0,2
IND811213AAA,IND813213AAA,FTL,1.6139162561576355,39.114599999999996,1.0,2
IND811307AAA,IND811201AAB,FTL,2.0142857142857142,26.771833333333333,1.0,3
IND811307AAA,IND811213AAA,FTL,1.9588235294117649,22.88315,1.0,2
IND811399AAA,IND110044AAB,Carting,3.3533339145374748,7.716294736842105,0.7368421052631579,76
IND811399AAA,IND209304AAA,FTL,1.6683618367586739,26.32938176470588,0.888235294117647,170
IND812002AAA,IND813203AAA,FTL,3.743354678480865,19.677355555555557,1.0,36
IND813102AAA,IND812002AAA,FTL,2.144946187845052,21.742279411764706,1.0,34
IND813102AAA,IND813203AAA,FTL,3.136144049187527,25.80633333333333,1.0,3
IND814101AAB,IND816107AAA,FTL,1.6053203936781257,23.301579545454544,0.6363636363636364,44
IND814112AAA,IND814133AAA,FTL,2.310554982226809,26.549583333333334,1.0,6
IND814112AAA,IND814133AAB,FTL,2.896554770233452,26.324242857142856,0.9523809523809523,21
IND814133AAA,IND816109AAA,FTL,1.6245709995709996,47.521233333333335,0.6666666666666666,3
IND814133AAB,IND816109AAA,FTL,1.6595651584667843,51.45536,0.7428571428571429,35
IND815301AAA,IND814112AAA,FTL,2.260919540229885,21.739733333333334,1.0,3
IND815301AAA,IND814133AAB,FTL,2.3164952937484853,24.1496875,1.0,24
IND815301AAA,IND815353AAA,FTL,1.9660401002506267,24.6572,1.0,6
IND815351AAA,IND814101AAB,FTL,1.1705918600042662,26.61852777777778,0.25,36
IND815353AAA,IND814112AAA,FTL,1.9952380952380953,19.48015,0.75,4
IND815353AAA,IND814133AAB,FTL,1.9466676341042752,30.199996875,0.78125,32
IND815353AAA,IND826004AAA,FTL,1.3995679012345679,35.572399999999995,0.3333333333333333,3
IND816107AAA,IND826004AAA,FTL,1.5047797602602502,31.5240546875,0.578125,64
IND816109AAA,IND826004AAA,FTL,1.936159018050954,33.92744725274725,0.5384615384615384,91
IND821109AAA,IND802213AAB,FTL,5.337934757236227,21.0285875,1.0,24
IND821115AAB,IND000000ACB,FTL,1.9184754688348955,31.693726848249028,0.8326848249027238,257
IND821115AAB,IND209304AAA,FTL,1.7638404801657088,28.360605416666665,0.8333333333333334,240
IND821115AAB,IND802101AAA,FTL,3.1473971479567595,26.484308333333335,0.9166666666666666,24
IND821115AAB,IND821109AAA,FTL,2.0032741332741333,22.5136,1.0,18
IND821115AAB,IND824101AAA,FTL,2.0775401069518717,19.72865,1.0,2
IND821307AAA,IND824101AAA,FTL,2.086008403361345,15.583553333333333,0.9333333333333333,15
IND824101AAA,IND821115AAB,FTL,2.226574538751721,20.23772857142857,1.0,14
IND824101AAA,IND821307AAA,FTL,1.9455882352941176,15.5217,0.875,8
IND825102AAA,IND827013AAA,Carting,2.1083333333333334,10.5212,1.0,3
IND825102AAA,IND827013AAA,FTL,2.0576923076923075,32.3568,1.0,2
IND825301AAA,IND825409AAA,FTL,3.4949852361506495,19.440588095238095,1.0,42
IND825409AAA,IND000000ACB,FTL,1.7394351153957632,29.425970846905535,0.8110749185667753,614
IND826001AAC,IND828111AAA,Carting,1.7037037037037035,7.0254,0.6666666666666666,3
IND826004AAA,IND209304AAA,FTL,1.7087561110632379,31.469596874999997,0.78125,96
IND826004AAA,IND814112AAA,FTL,1.7862065348221423,33.4383125,0.5,16
IND826004AAA,IND815301AAA,FTL,2.3279440366396886,21.685873333333333,1.0,15
IND826004AAA,IND815351AAA,FTL,1.990252580723665,36.84331363636364,0.7272727272727273,22
IND826004AAA,IND815353AAA,FTL,1.948112459915427,28.529566666666668,0.75,12
IND826004AAA,IND821115AAB,FTL,1.9189573080413864,31.876076923076923,0.6923076923076923,52
IND826004AAA,IND828111AAA,Carting,2.3472222222222223,6.4737,1.0,4
IND826004AAA,IND828205AAA,Carting,5.541666666666667,7.107975000000001,0.75,4
IND826004AAA,IND828401AAB,Carting,1.2301611615149968,28.38591111111111,0.3333333333333333,9
IND827013AAA,IND829121AAA,Carting,2.375347222222222,10.0502,1.0,8
IND827013AAA,IND829121AAA,FTL,2.494298245614035,17.187316666666668,1.0,6
IND828111AAA,IND826004AAA,Carting,8.655334861217215,9.145178571428572,0.8571428571428571,14
IND828401AAB,IND826004AAA,Carting,4.1132228882228885,8.804995833333333,0.9166666666666666,24
IND829121AAA,IND834002AAB,Carting,4.216852207461203,11.243007407407406,0.7777777777777778,54
IND829121AAA,IND834002AAB,FTL,6.990607923497268,85.81456666666668,1.0,3
IND829122AAA,IND825301AAA,FTL,1.8258087849706601,19.85793333333333,0.9523809523809523,42
IND832109AAB,IND834002AAB,FTL,2.6177886077466446,24.936546226415096,1.0,106
IND834002AAB,IND000000ACB,FTL,1.7568667916152552,31.717905531914894,0.7829787234042553,470
IND834002AAB,IND781018AAB,FTL,2.4674049846039203,35.81786666666667,0.9393939393939394,33
IND834002AAB,IND825102AAA,Carting,2.508354568137177,12.267744444444444,0.8888888888888888,9
IND834002AAB,IND825102AAA,FTL,3.2644399418516263,27.1189875,1.0,8
IND834002AAB,IND826004AAA,Carting,2.827820782264286,11.287767247386759,0.8536585365853658,287
IND834002AAB,IND827013AAA,Carting,3.3509430707631562,13.683265088757395,0.8106508875739645,169
IND834002AAB,IND829122AAA,FTL,2.5228212576896785,21.829935714285714,1.0,28
IND834002AAB,IND832109AAB,FTL,2.4018090674354347,23.984374285714285,0.9857142857142858,70
IND841101AAA,IND841207AAB,FTL,4.714814814814814,21.911233333333332,1.0,3
IND841226AAB,IND841428AAA,Carting,4.5,16.5874,1.0,2
IND841226AAB,IND841428AAA,FTL,3.2279411764705883,15.6228,1.0,2
IND841301AAC,IND841226AAB,Carting,4.296969696969697,13.179839999999999,0.6,5
IND841405AAA,IND841301AAC,Carting,1.8858465608465609,13.281766666666666,0.8888888888888888,9
IND841424AAA,IND841226AAB,FTL,2.254459628969433,20.968322222222223,1.0,9
IND841424AAA,IND841428AAA,FTL,3.5113276128756006,24.236158333333336,1.0,24
IND842001AAA,IND843105AAB,FTL,2.4346719457013575,12.081684615384615,0.5128205128205128,39
IND842001AAA,IND843109AAB,Carting,3.716666666666667,7.446853333333333,0.9666666666666667,30
IND842001AAA,IND843126AAA,Carting,3.896014073645653,10.274888888888889,1.0,9
IND842001AAA,IND843301AAA,FTL,1.9809719552224274,41.13476111111111,0.5,18
IND842001AAA,IND843320AAA,FTL,2.601449275362319,37.19263333333333,1.0,3
IND842001AAA,IND843329AAB,FTL,1.0818372696941476,19.97883076923077,0.46153846153846156,39
IND842001AAA,IND845401AAA,FTL,2.258116893636446,27.85824375,0.8125,16
IND842001AAA,IND845412AAB,FTL,1.6578023193996265,17.33713023255814,0.6976744186046512,43
IND842001AAA,IND845418AAB,FTL,1.9924233957386133,34.27769459459459,0.7837837837837838,37
IND842001AAA,IND845438AAA,FTL,3.019790653103347,21.94176,1.0,30
IND842001AAA,IND846004AAA,FTL,2.4728995578905786,22.865101515151515,0.9848484848484849,66
IND842001AAA,IND847212AAA,FTL,2.4667028768699013,24.63420340909091,1.0,88
IND842001AAA,IND848101AAA,FTL,4.481481481481481,17.46976666666667,1.0,3
IND842001AAA,IND848114AAA,FTL,1.8974189529755425,17.4767417721519,0.759493670886076,79
IND842001AAA,IND854326AAB,FTL,2.2104691360961337,26.862050717703347,0.9712918660287081,209
IND842003AAB,IND480661AAA,FTL,2.087634527495209,22.48075714285714,1.0,14
IND842003AAB,IND480886AAA,FTL,2.169527541823557,24.556506451612904,0.967741935483871,31
IND842003AAB,IND482002AAA,Carting,28.53125,10.846075,1.0,4
IND842003AAB,IND483225AAA,FTL,2.8395833333333336,16.9323,1.0,6
IND842003AAB,IND483501AAA,FTL,2.5524339805281557,20.570753488372095,0.9767441860465116,43
IND842003AAB,IND484661AAE,FTL,1.3835573240066785,28.28698,0.6,10
IND842003AAB,IND487001AAA,FTL,1.7558440970261624,26.6346,1.0,8
IND842003AAB,IND487001AAB,FTL,1.8602036200514462,25.731205,0.85,20
IND843105AAB,IND848101AAA,FTL,2.9522587719298246,14.119075,0.8,40
IND843109AAB,IND842001AAA,Carting,3.8854166666666665,7.29635,1.0,4
IND843109AAB,IND843126AAA,Carting,1.639524893124083,28.17737857142857,0.6071428571428571,28
IND843126AAA,IND842001AAA,Carting,4.1750768049155145,9.122429032258065,0.7741935483870968,31
IND843126AAA,IND843109AAB,Carting,4.75,14.086866666666666,0.5,6
IND843301AAA,IND843320AAA,FTL,7.9465103121516165,14.1319775,0.7,40
IND843320AAA,IND847223AAA,FTL,3.26109022556391,23.3774875,1.0,8
IND843329AAB,IND843301AAA,FTL,3.050629779577148,26.747207692307693,1.0,13
IND844101AAB,IND841207AAB,FTL,2.611111111111111,23.8946,1.0,1
IND844505AAB,IND842001AAA,FTL,10.975082659505633,64.34305625,1.0,16
IND845305AAA,IND842001AAA,FTL,3.622296116394791,30.41160353982301,0.9469026548672567,113
IND845401AAA,IND845305AAA,FTL,2.566955650301361,24.55940227272727,0.9772727272727273,44
IND845412AAB,IND845401AAA,FTL,2.419897106700865,23.83613666666667,0.8333333333333334,30
IND845418AAB,IND842001AAA,FTL,2.6614448201039704,36.06585,0.8333333333333334,6
IND845418AAB,IND845438AAA,FTL,2.156846408339207,23.566705405405408,0.972972972972973,37
IND845438AAA,IND845455AAB,FTL,2.1836461821150652,18.948620000000002,0.9666666666666667,30
IND845455AAB,IND842001AAA,FTL,2.438249993029579,25.147553781512606,1.0,119
IND845455AAB,IND845418AAB,FTL,2.225188538452661,28.250483333333335,1.0,12
IND846004AAA,IND847103AAA,FTL,3.153677358343318,13.384824390243901,0.9512195121951219,41
IND846004AAA,IND847404AAB,FTL,2.7677484787018254,23.566450000000003,1.0,2
IND847103AAA,IND847404AAB,FTL,2.489983105500347,16.708181081081083,0.8918918918918919,37
IND847212AAA,IND847226AAA,FTL,1.9886080235218169,21.802385714285712,0.5952380952380952,42
IND847223AAA,IND842001AAA,FTL,10.394977950509084,70.16298421052632,1.0,19
IND847226AAA,IND842001AAA,FTL,10.25088464472229,23.730069523809522,0.9904761904761905,105
IND847404AAB,IND842001AAA,FTL,8.329665957067306,42.82055217391304,0.9347826086956522,46
IND848101AAA,IND844505AAB,FTL,4.709105734561531,15.570237037037035,0.7407407407407407,27
IND848114AAA,IND848210AAA,FTL,1.714745179063361,22.67615,0.9545454545454546,22
IND848210AAA,IND842001AAA,FTL,3.8878156565656568,21.629041666666666,1.0,12
IND848210AAA,IND851127AAA,FTL,2.4216152607456953,16.320726666666665,0.5666666666666667,30
IND851127AAA,IND842001AAA,FTL,4.194553408301407,22.41364375,1.0,80
IND851127AAA,IND851112AAB,FTL,2.293091168091168,32.246375,1.0,4
IND852111AAA,IND852118AAA,FTL,2.417582417582418,24.5321,0.5,2
IND852111AAA,IND854311AAA,FTL,1.9414500683994529,32.6201,1.0,3
IND852111AAA,IND854326AAB,FTL,3.36351142927231,27.75846666666667,0.9523809523809523,84
IND852111AAA,IND854335AAA,FTL,1.5,23.403,1.0,1
IND852113AAA,IND852139AAB,FTL,2.382645208897383,26.981347999999997,0.8,25
IND852113AAA,IND852201AAA,FTL,3.9411764705882355,22.5405,1.0,1
IND852118A1B,IND854326AAB,FTL,2.2800925925925926,30.054999999999996,1.0,3
IND852118AAA,IND852111AAA,FTL,4.294117647058823,21.03915,1.0,2
IND852118AAA,IND854326AAB,FTL,1.834368530020704,29.853099999999998,1.0,3
IND852131AAA,IND852139AAB,FTL,1.6904761904761905,14.86855,0.5,2
IND852131AAA,IND852201AAA,FTL,3.356310673475579,17.88986875,0.75,16
IND852139AAB,IND854326AAB,FTL,3.1486404468329785,26.506589285714284,0.9761904761904762,84
IND852201AAA,IND852113AAA,FTL,3.887584987555394,22.42475294117647,1.0,17
IND852201AAA,IND852131AAA,FTL,3.145161290322581,17.3913,1.0,2
IND852201AAA,IND854326AAB,FTL,4.927536231884058,33.15164,1.0,5
IND853204AAA,IND851204AAA,FTL,2.368134977155523,21.7399,1.0,33
IND854105AAA,IND853204AAA,FTL,2.4471211730306157,25.266766666666665,1.0,6
IND854105AAB,IND851204AAA,FTL,2.4492361568543926,27.008315,1.0,20
IND854105AAB,IND853204AAA,FTL,3.0097468753583305,25.006886666666666,1.0,15
IND854311AAA,IND852118A1B,FTL,2.00993265993266,24.55855,0.5,6
IND854311AAA,IND854326AAB,FTL,7.2243589743589745,22.512999999999998,1.0,2
IND854311AAA,IND854334AAA,FTL,1.8620027396923682,14.429,0.8571428571428571,14
IND854326AAB,IND000000ACB,FTL,1.8525001801801206,33.867581646273635,0.8197997775305895,899
IND854326AAB,IND852113AAA,FTL,2.0462228128054742,35.783975,1.0,4
IND854326AAB,IND852131AAA,FTL,2.479963996871198,26.613248,0.98,50
IND854326AAB,IND852201AAA,FTL,2.5821292623770074,34.886100000000006,0.9666666666666667,30
IND854326AAB,IND854105AAA,FTL,27.791666666666668,16.514333333333333,0.6666666666666666,3
IND854326AAB,IND854105AAB,FTL,8.182969399881165,14.619295454545455,1.0,22
IND854326AAB,IND854311AAA,FTL,2.3305642967324744,21.5323,0.9761904761904762,42
IND854326AAB,IND854334AAA,FTL,3.9159544159544164,22.459533333333336,1.0,3
IND854334AAA,IND852118A1B,FTL,1.2545911645290528,23.690214285714287,0.7142857142857143,7
IND854334AAA,IND852118AAA,FTL,1.3197278911564625,23.88137142857143,1.0,7
IND854334AAA,IND854335AAA,FTL,1.4294871794871795,18.250375000000002,0.75,4
IND854335AAA,IND852111AAA,FTL,3.2925235883827213,16.921310714285713,0.9642857142857143,28
IND854335AAA,IND852118A1B,FTL,5.1875,13.363100000000001,1.0,2
IND854335AAA,IND854326AAB,FTL,2.449988328664799,27.3162,1.0,4
